gene	position	entropy
E	5	0.007
E	9	0.002
E	19	0.004
E	21	0.060
E	24	0.002
E	26	0.002
E	30	0.005
E	37	0.002
E	41	0.002
E	49	0.004
E	55	0.002
E	58	0.016
E	61	0.005
E	62	0.008
E	64	0.002
E	66	0.002
E	67	0.004
E	68	0.010
E	69	0.002
E	70	0.002
E	71	0.177
E	72	0.007
E	73	0.004
M	2	0.036
M	3	0.020
M	4	0.004
M	12	0.002
M	14	0.004
M	15	0.002
M	17	0.002
M	19	0.002
M	23	0.004
M	27	0.002
M	28	0.042
M	29	0.006
M	30	0.004
M	31	0.005
M	34	0.002
M	40	0.004
M	44	0.004
M	46	0.002
M	55	0.002
M	60	0.010
M	64	0.005
M	66	0.002
M	69	0.007
M	70	0.023
M	73	0.004
M	75	0.002
M	76	0.002
M	80	0.002
M	82	0.610
M	84	0.004
M	85	0.007
M	87	0.002
M	94	0.002
M	98	0.002
M	101	0.002
M	104	0.018
M	107	0.005
M	109	0.004
M	121	0.004
M	125	0.009
M	128	0.002
M	135	0.002
M	142	0.002
M	148	0.002
M	155	0.020
M	175	0.004
M	183	0.002
M	184	0.005
M	185	0.002
M	186	0.002
M	188	0.002
M	190	0.002
M	197	0.008
M	201	0.002
M	207	0.002
M	208	0.004
M	209	0.014
M	212	0.007
M	214	0.004
N	2	0.098
N	3	0.606
N	6	0.007
N	7	0.004
N	8	0.025
N	9	0.057
N	12	0.072
N	13	0.188
N	14	0.018
N	16	0.004
N	18	0.013
N	19	0.002
N	20	0.002
N	21	0.002
N	22	0.009
N	23	0.002
N	24	0.010
N	25	0.007
N	26	0.002
N	27	0.002
N	28	0.004
N	29	0.009
N	30	0.033
N	31	0.002
N	32	0.002
N	33	0.029
N	34	0.021
N	35	0.007
N	36	0.004
N	37	0.011
N	38	0.021
N	39	0.007
N	40	0.013
N	41	0.007
N	43	0.002
N	46	0.006
N	48	0.002
N	49	0.010
N	55	0.002
N	63	0.533
N	67	0.053
N	68	0.005
N	70	0.004
N	72	0.007
N	76	0.002
N	80	0.243
N	81	0.002
N	83	0.002
N	84	0.010
N	90	0.009
N	96	0.005
N	97	0.002
N	101	0.002
N	103	0.004
N	113	0.002
N	118	0.002
N	119	0.038
N	120	0.005
N	122	0.002
N	125	0.002
N	127	0.002
N	128	0.016
N	134	0.004
N	135	0.013
N	136	0.004
N	138	0.002
N	139	0.049
N	141	0.004
N	142	0.011
N	144	0.035
N	145	0.015
N	147	0.002
N	151	0.027
N	152	0.012
N	155	0.002
N	156	0.023
N	157	0.002
N	160	0.007
N	161	0.004
N	162	0.002
N	165	0.002
N	168	0.008
N	171	0.002
N	178	0.007
N	179	0.007
N	180	0.006
N	182	0.002
N	183	0.029
N	185	0.009
N	186	0.002
N	187	0.035
N	188	0.002
N	190	0.007
N	193	0.023
N	194	0.138
N	195	0.015
N	197	0.064
N	198	0.002
N	199	0.102
N	200	0.009
N	201	0.019
N	202	0.085
N	203	1.066
N	204	0.789
N	205	0.337
N	206	0.026
N	207	0.016
N	208	0.089
N	209	0.108
N	210	0.015
N	211	0.039
N	212	0.065
N	213	0.017
N	214	0.099
N	215	0.452
N	217	0.009
N	218	0.002
N	219	0.006
N	220	0.080
N	221	0.008
N	229	0.007
N	234	0.140
N	235	0.536
N	238	0.018
N	239	0.007
N	240	0.002
N	241	0.002
N	243	0.025
N	244	0.002
N	247	0.002
N	248	0.002
N	249	0.002
N	251	0.019
N	252	0.004
N	254	0.002
N	256	0.006
N	263	0.004
N	267	0.006
N	269	0.002
N	270	0.002
N	271	0.006
N	279	0.007
N	281	0.002
N	282	0.002
N	288	0.006
N	289	0.004
N	292	0.035
N	293	0.004
N	296	0.004
N	297	0.007
N	300	0.020
N	306	0.002
N	307	0.004
N	308	0.004
N	311	0.002
N	319	0.002
N	320	0.002
N	326	0.027
N	327	0.028
N	328	0.002
N	331	0.004
N	334	0.015
N	336	0.007
N	338	0.002
N	343	0.007
N	344	0.002
N	345	0.002
N	348	0.036
N	354	0.002
N	355	0.002
N	358	0.004
N	359	0.012
N	362	0.042
N	364	0.018
N	365	0.047
N	366	0.065
N	368	0.002
N	370	0.002
N	371	0.005
N	373	0.002
N	374	0.002
N	375	0.005
N	376	0.021
N	377	0.558
N	378	0.030
N	379	0.010
N	380	0.002
N	381	0.002
N	382	0.002
N	383	0.044
N	384	0.006
N	385	0.096
N	386	0.002
N	389	0.011
N	390	0.007
N	391	0.017
N	393	0.002
N	395	0.005
N	397	0.002
N	398	0.014
N	399	0.005
N	401	0.010
N	402	0.012
N	409	0.004
N	412	0.002
N	413	0.017
N	414	0.014
N	415	0.002
N	416	0.002
N	418	0.064
ORF1a	2	0.002
ORF1a	4	0.037
ORF1a	5	0.002
ORF1a	6	0.002
ORF1a	7	0.007
ORF1a	9	0.002
ORF1a	10	0.005
ORF1a	16	0.002
ORF1a	22	0.002
ORF1a	23	0.002
ORF1a	24	0.024
ORF1a	27	0.009
ORF1a	29	0.002
ORF1a	30	0.004
ORF1a	33	0.002
ORF1a	34	0.011
ORF1a	35	0.002
ORF1a	37	0.008
ORF1a	38	0.005
ORF1a	40	0.002
ORF1a	41	0.005
ORF1a	44	0.002
ORF1a	45	0.007
ORF1a	46	0.004
ORF1a	49	0.008
ORF1a	52	0.002
ORF1a	54	0.002
ORF1a	57	0.007
ORF1a	63	0.002
ORF1a	64	0.004
ORF1a	65	0.002
ORF1a	68	0.002
ORF1a	75	0.005
ORF1a	77	0.002
ORF1a	78	0.011
ORF1a	79	0.002
ORF1a	80	0.002
ORF1a	81	0.005
ORF1a	82	0.020
ORF1a	83	0.024
ORF1a	84	0.034
ORF1a	85	0.047
ORF1a	86	0.022
ORF1a	87	0.018
ORF1a	88	0.002
ORF1a	89	0.002
ORF1a	90	0.009
ORF1a	93	0.006
ORF1a	98	0.002
ORF1a	102	0.039
ORF1a	106	0.005
ORF1a	109	0.002
ORF1a	110	0.035
ORF1a	111	0.002
ORF1a	112	0.005
ORF1a	114	0.013
ORF1a	117	0.007
ORF1a	118	0.002
ORF1a	120	0.006
ORF1a	121	0.002
ORF1a	122	0.004
ORF1a	123	0.005
ORF1a	124	0.002
ORF1a	126	0.005
ORF1a	138	0.008
ORF1a	139	0.004
ORF1a	141	0.039
ORF1a	142	0.042
ORF1a	143	0.044
ORF1a	144	0.005
ORF1a	146	0.002
ORF1a	147	0.002
ORF1a	148	0.002
ORF1a	160	0.002
ORF1a	161	0.002
ORF1a	166	0.006
ORF1a	181	0.004
ORF1a	182	0.005
ORF1a	183	0.005
ORF1a	184	0.012
ORF1a	189	0.002
ORF1a	190	0.006
ORF1a	192	0.004
ORF1a	193	0.005
ORF1a	196	0.004
ORF1a	198	0.002
ORF1a	199	0.002
ORF1a	201	0.002
ORF1a	203	0.027
ORF1a	204	0.016
ORF1a	207	0.034
ORF1a	208	0.004
ORF1a	209	0.002
ORF1a	211	0.004
ORF1a	212	0.013
ORF1a	213	0.002
ORF1a	214	0.011
ORF1a	216	0.002
ORF1a	217	0.002
ORF1a	219	0.002
ORF1a	222	0.002
ORF1a	224	0.012
ORF1a	226	0.008
ORF1a	227	0.002
ORF1a	229	0.002
ORF1a	232	0.009
ORF1a	238	0.002
ORF1a	260	0.002
ORF1a	261	0.096
ORF1a	264	0.002
ORF1a	265	0.333
ORF1a	266	0.002
ORF1a	268	0.002
ORF1a	271	0.017
ORF1a	274	0.002
ORF1a	275	0.004
ORF1a	276	0.002
ORF1a	278	0.010
ORF1a	279	0.004
ORF1a	280	0.005
ORF1a	281	0.002
ORF1a	284	0.007
ORF1a	286	0.008
ORF1a	287	0.007
ORF1a	291	0.009
ORF1a	292	0.010
ORF1a	294	0.002
ORF1a	295	0.002
ORF1a	297	0.009
ORF1a	298	0.005
ORF1a	300	0.054
ORF1a	302	0.017
ORF1a	306	0.011
ORF1a	307	0.004
ORF1a	308	0.002
ORF1a	309	0.162
ORF1a	310	0.007
ORF1a	311	0.002
ORF1a	312	0.002
ORF1a	314	0.004
ORF1a	315	0.002
ORF1a	316	0.007
ORF1a	318	0.010
ORF1a	322	0.016
ORF1a	324	0.004
ORF1a	329	0.005
ORF1a	333	0.013
ORF1a	335	0.002
ORF1a	337	0.008
ORF1a	339	0.007
ORF1a	342	0.002
ORF1a	343	0.007
ORF1a	346	0.021
ORF1a	347	0.013
ORF1a	348	0.002
ORF1a	350	0.011
ORF1a	351	0.006
ORF1a	352	0.002
ORF1a	353	0.002
ORF1a	354	0.002
ORF1a	355	0.002
ORF1a	359	0.002
ORF1a	361	0.021
ORF1a	362	0.002
ORF1a	364	0.002
ORF1a	369	0.002
ORF1a	371	0.007
ORF1a	372	0.007
ORF1a	374	0.017
ORF1a	375	0.002
ORF1a	376	0.013
ORF1a	378	0.018
ORF1a	380	0.083
ORF1a	381	0.002
ORF1a	384	0.010
ORF1a	385	0.005
ORF1a	386	0.005
ORF1a	388	0.018
ORF1a	389	0.002
ORF1a	391	0.002
ORF1a	392	0.021
ORF1a	393	0.002
ORF1a	396	0.005
ORF1a	397	0.004
ORF1a	398	0.006
ORF1a	400	0.027
ORF1a	403	0.044
ORF1a	404	0.004
ORF1a	405	0.002
ORF1a	412	0.002
ORF1a	413	0.002
ORF1a	417	0.012
ORF1a	422	0.004
ORF1a	424	0.010
ORF1a	427	0.004
ORF1a	428	0.013
ORF1a	430	0.004
ORF1a	431	0.031
ORF1a	433	0.005
ORF1a	436	0.002
ORF1a	440	0.002
ORF1a	442	0.004
ORF1a	443	0.025
ORF1a	444	0.012
ORF1a	445	0.021
ORF1a	446	0.018
ORF1a	447	0.004
ORF1a	448	0.008
ORF1a	449	0.006
ORF1a	450	0.005
ORF1a	451	0.002
ORF1a	453	0.016
ORF1a	454	0.017
ORF1a	455	0.002
ORF1a	460	0.027
ORF1a	462	0.002
ORF1a	465	0.002
ORF1a	466	0.005
ORF1a	469	0.004
ORF1a	470	0.002
ORF1a	471	0.002
ORF1a	474	0.008
ORF1a	475	0.002
ORF1a	476	0.002
ORF1a	481	0.002
ORF1a	482	0.004
ORF1a	486	0.017
ORF1a	488	0.002
ORF1a	492	0.005
ORF1a	494	0.002
ORF1a	495	0.002
ORF1a	498	0.018
ORF1a	500	0.002
ORF1a	512	0.007
ORF1a	513	0.002
ORF1a	516	0.009
ORF1a	519	0.041
ORF1a	520	0.002
ORF1a	526	0.010
ORF1a	527	0.002
ORF1a	528	0.009
ORF1a	529	0.004
ORF1a	531	0.005
ORF1a	532	0.002
ORF1a	533	0.002
ORF1a	535	0.009
ORF1a	536	0.007
ORF1a	537	0.002
ORF1a	538	0.013
ORF1a	540	0.002
ORF1a	541	0.004
ORF1a	542	0.010
ORF1a	549	0.002
ORF1a	550	0.007
ORF1a	551	0.007
ORF1a	552	0.004
ORF1a	554	0.006
ORF1a	555	0.006
ORF1a	558	0.008
ORF1a	560	0.012
ORF1a	561	0.034
ORF1a	564	0.002
ORF1a	565	0.007
ORF1a	566	0.006
ORF1a	568	0.006
ORF1a	575	0.002
ORF1a	579	0.002
ORF1a	580	0.020
ORF1a	585	0.002
ORF1a	587	0.002
ORF1a	589	0.012
ORF1a	590	0.018
ORF1a	591	0.008
ORF1a	592	0.006
ORF1a	595	0.002
ORF1a	597	0.002
ORF1a	599	0.046
ORF1a	602	0.002
ORF1a	603	0.007
ORF1a	604	0.002
ORF1a	607	0.005
ORF1a	609	0.006
ORF1a	610	0.010
ORF1a	611	0.002
ORF1a	614	0.004
ORF1a	623	0.002
ORF1a	624	0.002
ORF1a	625	0.002
ORF1a	626	0.005
ORF1a	627	0.017
ORF1a	628	0.004
ORF1a	629	0.019
ORF1a	630	0.004
ORF1a	631	0.002
ORF1a	633	0.005
ORF1a	634	0.011
ORF1a	637	0.002
ORF1a	640	0.015
ORF1a	642	0.010
ORF1a	644	0.002
ORF1a	646	0.007
ORF1a	647	0.002
ORF1a	648	0.005
ORF1a	649	0.012
ORF1a	654	0.002
ORF1a	656	0.012
ORF1a	657	0.002
ORF1a	661	0.006
ORF1a	665	0.021
ORF1a	668	0.002
ORF1a	669	0.004
ORF1a	671	0.002
ORF1a	672	0.002
ORF1a	673	0.005
ORF1a	674	0.002
ORF1a	675	0.002
ORF1a	676	0.007
ORF1a	679	0.004
ORF1a	680	0.005
ORF1a	681	0.010
ORF1a	684	0.002
ORF1a	687	0.004
ORF1a	690	0.026
ORF1a	693	0.005
ORF1a	694	0.002
ORF1a	695	0.002
ORF1a	699	0.002
ORF1a	704	0.002
ORF1a	706	0.002
ORF1a	707	0.004
ORF1a	708	0.017
ORF1a	709	0.002
ORF1a	710	0.002
ORF1a	711	0.002
ORF1a	712	0.009
ORF1a	722	0.002
ORF1a	723	0.005
ORF1a	726	0.010
ORF1a	728	0.009
ORF1a	729	0.002
ORF1a	730	0.083
ORF1a	732	0.008
ORF1a	733	0.002
ORF1a	734	0.002
ORF1a	735	0.008
ORF1a	737	0.002
ORF1a	739	0.012
ORF1a	740	0.004
ORF1a	743	0.007
ORF1a	748	0.002
ORF1a	749	0.002
ORF1a	750	0.002
ORF1a	751	0.006
ORF1a	753	0.004
ORF1a	754	0.015
ORF1a	755	0.010
ORF1a	757	0.013
ORF1a	760	0.017
ORF1a	762	0.008
ORF1a	764	0.002
ORF1a	765	0.011
ORF1a	766	0.002
ORF1a	767	0.002
ORF1a	769	0.004
ORF1a	774	0.002
ORF1a	775	0.007
ORF1a	776	0.025
ORF1a	778	0.002
ORF1a	781	0.004
ORF1a	782	0.004
ORF1a	787	0.002
ORF1a	788	0.002
ORF1a	789	0.002
ORF1a	792	0.004
ORF1a	793	0.004
ORF1a	795	0.002
ORF1a	796	0.004
ORF1a	797	0.004
ORF1a	798	0.010
ORF1a	804	0.023
ORF1a	812	0.002
ORF1a	814	0.012
ORF1a	816	0.002
ORF1a	820	0.005
ORF1a	822	0.005
ORF1a	823	0.013
ORF1a	827	0.004
ORF1a	837	0.005
ORF1a	847	0.005
ORF1a	848	0.002
ORF1a	849	0.002
ORF1a	852	0.002
ORF1a	854	0.002
ORF1a	858	0.004
ORF1a	859	0.048
ORF1a	861	0.004
ORF1a	862	0.004
ORF1a	864	0.002
ORF1a	866	0.002
ORF1a	868	0.005
ORF1a	872	0.002
ORF1a	874	0.002
ORF1a	876	0.007
ORF1a	877	0.002
ORF1a	878	0.005
ORF1a	879	0.009
ORF1a	882	0.006
ORF1a	884	0.002
ORF1a	885	0.009
ORF1a	887	0.004
ORF1a	891	0.004
ORF1a	892	0.009
ORF1a	894	0.002
ORF1a	897	0.002
ORF1a	901	0.002
ORF1a	902	0.006
ORF1a	903	0.025
ORF1a	910	0.004
ORF1a	911	0.002
ORF1a	913	0.017
ORF1a	916	0.002
ORF1a	919	0.009
ORF1a	926	0.007
ORF1a	927	0.012
ORF1a	928	0.022
ORF1a	930	0.005
ORF1a	934	0.006
ORF1a	937	0.002
ORF1a	940	0.004
ORF1a	942	0.005
ORF1a	943	0.005
ORF1a	944	0.083
ORF1a	945	0.011
ORF1a	949	0.002
ORF1a	950	0.004
ORF1a	951	0.029
ORF1a	952	0.002
ORF1a	953	0.014
ORF1a	954	0.002
ORF1a	958	0.006
ORF1a	959	0.116
ORF1a	964	0.009
ORF1a	965	0.002
ORF1a	967	0.025
ORF1a	968	0.002
ORF1a	971	0.023
ORF1a	974	0.002
ORF1a	975	0.002
ORF1a	977	0.002
ORF1a	981	0.005
ORF1a	982	0.002
ORF1a	983	0.005
ORF1a	984	0.002
ORF1a	985	0.002
ORF1a	989	0.011
ORF1a	990	0.002
ORF1a	991	0.005
ORF1a	992	0.005
ORF1a	993	0.015
ORF1a	995	0.009
ORF1a	996	0.009
ORF1a	997	0.007
ORF1a	998	0.030
ORF1a	999	0.012
ORF1a	1000	0.004
ORF1a	1001	0.539
ORF1a	1007	0.007
ORF1a	1008	0.005
ORF1a	1009	0.002
ORF1a	1010	0.004
ORF1a	1013	0.009
ORF1a	1014	0.007
ORF1a	1015	0.002
ORF1a	1016	0.002
ORF1a	1017	0.004
ORF1a	1018	0.007
ORF1a	1020	0.002
ORF1a	1021	0.002
ORF1a	1022	0.004
ORF1a	1023	0.002
ORF1a	1024	0.005
ORF1a	1025	0.006
ORF1a	1026	0.002
ORF1a	1027	0.006
ORF1a	1029	0.005
ORF1a	1034	0.002
ORF1a	1035	0.004
ORF1a	1036	0.018
ORF1a	1043	0.002
ORF1a	1046	0.002
ORF1a	1049	0.012
ORF1a	1054	0.012
ORF1a	1055	0.080
ORF1a	1056	0.022
ORF1a	1062	0.002
ORF1a	1068	0.005
ORF1a	1069	0.002
ORF1a	1070	0.002
ORF1a	1071	0.012
ORF1a	1073	0.014
ORF1a	1074	0.009
ORF1a	1076	0.004
ORF1a	1081	0.002
ORF1a	1082	0.004
ORF1a	1088	0.002
ORF1a	1089	0.002
ORF1a	1091	0.010
ORF1a	1093	0.014
ORF1a	1095	0.002
ORF1a	1100	0.005
ORF1a	1101	0.004
ORF1a	1102	0.011
ORF1a	1108	0.020
ORF1a	1110	0.002
ORF1a	1113	0.023
ORF1a	1119	0.004
ORF1a	1121	0.002
ORF1a	1125	0.026
ORF1a	1127	0.004
ORF1a	1130	0.008
ORF1a	1133	0.002
ORF1a	1140	0.007
ORF1a	1141	0.002
ORF1a	1142	0.004
ORF1a	1143	0.013
ORF1a	1146	0.010
ORF1a	1147	0.002
ORF1a	1151	0.002
ORF1a	1153	0.002
ORF1a	1155	0.008
ORF1a	1158	0.009
ORF1a	1160	0.017
ORF1a	1163	0.007
ORF1a	1167	0.004
ORF1a	1168	0.073
ORF1a	1170	0.011
ORF1a	1171	0.005
ORF1a	1175	0.018
ORF1a	1178	0.002
ORF1a	1180	0.002
ORF1a	1181	0.002
ORF1a	1182	0.004
ORF1a	1186	0.018
ORF1a	1188	0.246
ORF1a	1189	0.002
ORF1a	1191	0.002
ORF1a	1192	0.002
ORF1a	1193	0.005
ORF1a	1194	0.002
ORF1a	1195	0.007
ORF1a	1196	0.060
ORF1a	1197	0.002
ORF1a	1198	0.002
ORF1a	1199	0.007
ORF1a	1200	0.007
ORF1a	1202	0.021
ORF1a	1204	0.005
ORF1a	1205	0.005
ORF1a	1206	0.005
ORF1a	1207	0.016
ORF1a	1208	0.002
ORF1a	1209	0.007
ORF1a	1210	0.002
ORF1a	1211	0.011
ORF1a	1213	0.006
ORF1a	1214	0.002
ORF1a	1215	0.007
ORF1a	1216	0.002
ORF1a	1218	0.006
ORF1a	1220	0.009
ORF1a	1222	0.002
ORF1a	1223	0.013
ORF1a	1225	0.004
ORF1a	1228	0.009
ORF1a	1230	0.002
ORF1a	1231	0.012
ORF1a	1235	0.002
ORF1a	1240	0.004
ORF1a	1242	0.004
ORF1a	1243	0.002
ORF1a	1246	0.151
ORF1a	1247	0.006
ORF1a	1249	0.009
ORF1a	1250	0.004
ORF1a	1252	0.002
ORF1a	1259	0.008
ORF1a	1269	0.002
ORF1a	1271	0.002
ORF1a	1272	0.005
ORF1a	1273	0.002
ORF1a	1276	0.007
ORF1a	1277	0.006
ORF1a	1280	0.005
ORF1a	1282	0.002
ORF1a	1283	0.012
ORF1a	1285	0.002
ORF1a	1287	0.002
ORF1a	1291	0.012
ORF1a	1293	0.007
ORF1a	1295	0.002
ORF1a	1297	0.004
ORF1a	1298	0.006
ORF1a	1299	0.002
ORF1a	1305	0.002
ORF1a	1306	0.436
ORF1a	1310	0.004
ORF1a	1312	0.004
ORF1a	1314	0.004
ORF1a	1315	0.002
ORF1a	1316	0.002
ORF1a	1319	0.002
ORF1a	1322	0.002
ORF1a	1324	0.002
ORF1a	1341	0.004
ORF1a	1343	0.002
ORF1a	1344	0.016
ORF1a	1345	0.002
ORF1a	1348	0.002
ORF1a	1352	0.018
ORF1a	1360	0.002
ORF1a	1361	0.011
ORF1a	1363	0.013
ORF1a	1375	0.012
ORF1a	1378	0.004
ORF1a	1380	0.024
ORF1a	1381	0.004
ORF1a	1382	0.006
ORF1a	1395	0.002
ORF1a	1397	0.011
ORF1a	1398	0.008
ORF1a	1401	0.002
ORF1a	1404	0.002
ORF1a	1407	0.004
ORF1a	1410	0.002
ORF1a	1413	0.005
ORF1a	1420	0.002
ORF1a	1426	0.002
ORF1a	1428	0.009
ORF1a	1429	0.006
ORF1a	1430	0.002
ORF1a	1432	0.002
ORF1a	1435	0.002
ORF1a	1440	0.007
ORF1a	1442	0.002
ORF1a	1458	0.002
ORF1a	1460	0.002
ORF1a	1462	0.002
ORF1a	1464	0.011
ORF1a	1467	0.002
ORF1a	1468	0.008
ORF1a	1473	0.011
ORF1a	1474	0.012
ORF1a	1480	0.002
ORF1a	1482	0.002
ORF1a	1489	0.002
ORF1a	1496	0.078
ORF1a	1497	0.007
ORF1a	1499	0.002
ORF1a	1500	0.013
ORF1a	1507	0.013
ORF1a	1510	0.008
ORF1a	1511	0.002
ORF1a	1515	0.002
ORF1a	1516	0.002
ORF1a	1517	0.004
ORF1a	1521	0.002
ORF1a	1525	0.004
ORF1a	1526	0.002
ORF1a	1527	0.002
ORF1a	1529	0.002
ORF1a	1532	0.005
ORF1a	1538	0.074
ORF1a	1541	0.005
ORF1a	1542	0.013
ORF1a	1543	0.008
ORF1a	1545	0.020
ORF1a	1547	0.006
ORF1a	1551	0.009
ORF1a	1553	0.004
ORF1a	1554	0.004
ORF1a	1564	0.002
ORF1a	1566	0.007
ORF1a	1567	0.068
ORF1a	1572	0.002
ORF1a	1576	0.002
ORF1a	1581	0.004
ORF1a	1582	0.008
ORF1a	1583	0.008
ORF1a	1584	0.006
ORF1a	1586	0.010
ORF1a	1587	0.004
ORF1a	1591	0.013
ORF1a	1592	0.004
ORF1a	1594	0.002
ORF1a	1595	0.002
ORF1a	1596	0.002
ORF1a	1597	0.010
ORF1a	1610	0.004
ORF1a	1611	0.005
ORF1a	1612	0.030
ORF1a	1614	0.002
ORF1a	1615	0.002
ORF1a	1623	0.004
ORF1a	1625	0.009
ORF1a	1628	0.004
ORF1a	1629	0.002
ORF1a	1631	0.008
ORF1a	1633	0.011
ORF1a	1637	0.010
ORF1a	1638	0.008
ORF1a	1639	0.037
ORF1a	1640	0.315
ORF1a	1647	0.010
ORF1a	1649	0.004
ORF1a	1653	0.002
ORF1a	1655	0.179
ORF1a	1657	0.034
ORF1a	1659	0.005
ORF1a	1662	0.017
ORF1a	1663	0.002
ORF1a	1665	0.004
ORF1a	1671	0.004
ORF1a	1678	0.002
ORF1a	1679	0.027
ORF1a	1680	0.002
ORF1a	1682	0.012
ORF1a	1683	0.002
ORF1a	1687	0.002
ORF1a	1692	0.004
ORF1a	1697	0.002
ORF1a	1701	0.004
ORF1a	1708	0.535
ORF1a	1724	0.016
ORF1a	1733	0.002
ORF1a	1734	0.002
ORF1a	1738	0.002
ORF1a	1745	0.002
ORF1a	1748	0.004
ORF1a	1750	0.005
ORF1a	1753	0.002
ORF1a	1754	0.018
ORF1a	1759	0.002
ORF1a	1760	0.006
ORF1a	1762	0.004
ORF1a	1763	0.013
ORF1a	1765	0.004
ORF1a	1766	0.002
ORF1a	1769	0.002
ORF1a	1781	0.005
ORF1a	1784	0.002
ORF1a	1785	0.004
ORF1a	1786	0.011
ORF1a	1788	0.004
ORF1a	1794	0.002
ORF1a	1795	0.241
ORF1a	1798	0.002
ORF1a	1803	0.025
ORF1a	1805	0.002
ORF1a	1806	0.002
ORF1a	1809	0.002
ORF1a	1810	0.017
ORF1a	1812	0.027
ORF1a	1813	0.002
ORF1a	1814	0.002
ORF1a	1817	0.002
ORF1a	1819	0.002
ORF1a	1820	0.012
ORF1a	1822	0.010
ORF1a	1824	0.002
ORF1a	1825	0.008
ORF1a	1830	0.002
ORF1a	1833	0.002
ORF1a	1840	0.020
ORF1a	1841	0.002
ORF1a	1842	0.002
ORF1a	1843	0.006
ORF1a	1844	0.002
ORF1a	1846	0.004
ORF1a	1853	0.013
ORF1a	1854	0.017
ORF1a	1855	0.007
ORF1a	1856	0.002
ORF1a	1857	0.002
ORF1a	1858	0.004
ORF1a	1860	0.002
ORF1a	1871	0.008
ORF1a	1872	0.004
ORF1a	1874	0.012
ORF1a	1879	0.002
ORF1a	1881	0.018
ORF1a	1887	0.006
ORF1a	1889	0.005
ORF1a	1890	0.008
ORF1a	1895	0.013
ORF1a	1897	0.002
ORF1a	1903	0.002
ORF1a	1905	0.004
ORF1a	1907	0.002
ORF1a	1911	0.002
ORF1a	1914	0.002
ORF1a	1916	0.002
ORF1a	1920	0.012
ORF1a	1921	0.028
ORF1a	1922	0.002
ORF1a	1923	0.007
ORF1a	1924	0.007
ORF1a	1931	0.002
ORF1a	1934	0.002
ORF1a	1935	0.002
ORF1a	1939	0.004
ORF1a	1943	0.005
ORF1a	1945	0.002
ORF1a	1946	0.013
ORF1a	1947	0.002
ORF1a	1951	0.002
ORF1a	1952	0.008
ORF1a	1958	0.002
ORF1a	1966	0.002
ORF1a	1977	0.005
ORF1a	1983	0.004
ORF1a	1991	0.031
ORF1a	1997	0.024
ORF1a	2000	0.002
ORF1a	2001	0.013
ORF1a	2002	0.004
ORF1a	2003	0.006
ORF1a	2005	0.002
ORF1a	2007	0.072
ORF1a	2014	0.002
ORF1a	2015	0.006
ORF1a	2016	0.068
ORF1a	2017	0.002
ORF1a	2018	0.018
ORF1a	2019	0.002
ORF1a	2021	0.002
ORF1a	2024	0.006
ORF1a	2029	0.004
ORF1a	2030	0.021
ORF1a	2032	0.004
ORF1a	2033	0.011
ORF1a	2034	0.002
ORF1a	2035	0.011
ORF1a	2036	0.007
ORF1a	2039	0.005
ORF1a	2042	0.004
ORF1a	2043	0.007
ORF1a	2044	0.002
ORF1a	2046	0.448
ORF1a	2047	0.009
ORF1a	2048	0.016
ORF1a	2049	0.002
ORF1a	2050	0.002
ORF1a	2053	0.005
ORF1a	2054	0.002
ORF1a	2055	0.021
ORF1a	2059	0.006
ORF1a	2060	0.002
ORF1a	2061	0.004
ORF1a	2062	0.039
ORF1a	2065	0.015
ORF1a	2068	0.011
ORF1a	2069	0.024
ORF1a	2070	0.005
ORF1a	2071	0.021
ORF1a	2074	0.004
ORF1a	2075	0.002
ORF1a	2076	0.002
ORF1a	2077	0.002
ORF1a	2078	0.006
ORF1a	2079	0.005
ORF1a	2080	0.004
ORF1a	2081	0.002
ORF1a	2083	0.005
ORF1a	2084	0.002
ORF1a	2085	0.002
ORF1a	2086	0.004
ORF1a	2087	0.012
ORF1a	2089	0.002
ORF1a	2091	0.011
ORF1a	2092	0.110
ORF1a	2093	0.015
ORF1a	2094	0.006
ORF1a	2096	0.007
ORF1a	2098	0.002
ORF1a	2103	0.013
ORF1a	2105	0.006
ORF1a	2106	0.002
ORF1a	2114	0.006
ORF1a	2115	0.018
ORF1a	2119	0.002
ORF1a	2121	0.073
ORF1a	2122	0.004
ORF1a	2123	0.034
ORF1a	2124	0.008
ORF1a	2125	0.017
ORF1a	2129	0.013
ORF1a	2130	0.005
ORF1a	2131	0.002
ORF1a	2132	0.008
ORF1a	2136	0.002
ORF1a	2139	0.004
ORF1a	2142	0.002
ORF1a	2143	0.002
ORF1a	2144	0.002
ORF1a	2146	0.012
ORF1a	2147	0.024
ORF1a	2152	0.020
ORF1a	2153	0.002
ORF1a	2154	0.013
ORF1a	2159	0.010
ORF1a	2163	0.002
ORF1a	2166	0.017
ORF1a	2170	0.004
ORF1a	2174	0.004
ORF1a	2176	0.002
ORF1a	2179	0.012
ORF1a	2183	0.013
ORF1a	2184	0.002
ORF1a	2190	0.002
ORF1a	2192	0.004
ORF1a	2193	0.008
ORF1a	2195	0.002
ORF1a	2196	0.013
ORF1a	2200	0.012
ORF1a	2201	0.007
ORF1a	2202	0.006
ORF1a	2206	0.002
ORF1a	2207	0.013
ORF1a	2208	0.002
ORF1a	2210	0.002
ORF1a	2214	0.002
ORF1a	2221	0.004
ORF1a	2224	0.010
ORF1a	2225	0.002
ORF1a	2229	0.002
ORF1a	2230	0.536
ORF1a	2235	0.002
ORF1a	2242	0.015
ORF1a	2243	0.002
ORF1a	2246	0.002
ORF1a	2249	0.002
ORF1a	2251	0.002
ORF1a	2252	0.002
ORF1a	2254	0.007
ORF1a	2255	0.004
ORF1a	2256	0.002
ORF1a	2258	0.007
ORF1a	2259	0.084
ORF1a	2260	0.019
ORF1a	2261	0.002
ORF1a	2264	0.024
ORF1a	2268	0.005
ORF1a	2269	0.005
ORF1a	2272	0.002
ORF1a	2273	0.002
ORF1a	2274	0.006
ORF1a	2277	0.004
ORF1a	2279	0.016
ORF1a	2280	0.002
ORF1a	2281	0.002
ORF1a	2283	0.012
ORF1a	2285	0.006
ORF1a	2287	0.480
ORF1a	2290	0.002
ORF1a	2293	0.016
ORF1a	2294	0.002
ORF1a	2299	0.002
ORF1a	2300	0.008
ORF1a	2303	0.004
ORF1a	2306	0.002
ORF1a	2307	0.002
ORF1a	2309	0.002
ORF1a	2310	0.002
ORF1a	2311	0.002
ORF1a	2312	0.002
ORF1a	2313	0.002
ORF1a	2317	0.002
ORF1a	2320	0.004
ORF1a	2323	0.002
ORF1a	2327	0.002
ORF1a	2336	0.005
ORF1a	2337	0.002
ORF1a	2340	0.004
ORF1a	2344	0.004
ORF1a	2345	0.030
ORF1a	2355	0.002
ORF1a	2356	0.002
ORF1a	2357	0.002
ORF1a	2361	0.002
ORF1a	2365	0.006
ORF1a	2373	0.002
ORF1a	2375	0.002
ORF1a	2376	0.013
ORF1a	2377	0.002
ORF1a	2380	0.002
ORF1a	2385	0.002
ORF1a	2387	0.084
ORF1a	2389	0.002
ORF1a	2396	0.016
ORF1a	2398	0.002
ORF1a	2405	0.004
ORF1a	2406	0.002
ORF1a	2407	0.006
ORF1a	2408	0.007
ORF1a	2428	0.002
ORF1a	2453	0.004
ORF1a	2454	0.006
ORF1a	2459	0.002
ORF1a	2471	0.002
ORF1a	2476	0.002
ORF1a	2482	0.005
ORF1a	2488	0.017
ORF1a	2494	0.002
ORF1a	2495	0.008
ORF1a	2497	0.002
ORF1a	2498	0.004
ORF1a	2500	0.015
ORF1a	2501	0.033
ORF1a	2502	0.002
ORF1a	2509	0.002
ORF1a	2511	0.082
ORF1a	2512	0.006
ORF1a	2517	0.012
ORF1a	2529	0.072
ORF1a	2533	0.008
ORF1a	2534	0.002
ORF1a	2535	0.007
ORF1a	2537	0.004
ORF1a	2541	0.006
ORF1a	2551	0.002
ORF1a	2552	0.002
ORF1a	2553	0.016
ORF1a	2554	0.029
ORF1a	2563	0.002
ORF1a	2565	0.005
ORF1a	2574	0.002
ORF1a	2575	0.002
ORF1a	2579	0.002
ORF1a	2584	0.009
ORF1a	2585	0.002
ORF1a	2586	0.004
ORF1a	2587	0.002
ORF1a	2588	0.017
ORF1a	2589	0.013
ORF1a	2593	0.006
ORF1a	2595	0.002
ORF1a	2596	0.033
ORF1a	2598	0.002
ORF1a	2604	0.002
ORF1a	2605	0.004
ORF1a	2606	0.035
ORF1a	2607	0.024
ORF1a	2609	0.006
ORF1a	2613	0.002
ORF1a	2614	0.006
ORF1a	2615	0.042
ORF1a	2616	0.002
ORF1a	2618	0.002
ORF1a	2620	0.006
ORF1a	2621	0.002
ORF1a	2622	0.024
ORF1a	2623	0.002
ORF1a	2624	0.002
ORF1a	2625	0.006
ORF1a	2631	0.004
ORF1a	2632	0.002
ORF1a	2635	0.002
ORF1a	2636	0.002
ORF1a	2638	0.002
ORF1a	2639	0.002
ORF1a	2642	0.002
ORF1a	2648	0.013
ORF1a	2657	0.002
ORF1a	2659	0.002
ORF1a	2661	0.002
ORF1a	2663	0.002
ORF1a	2667	0.007
ORF1a	2674	0.009
ORF1a	2680	0.002
ORF1a	2685	0.016
ORF1a	2688	0.006
ORF1a	2690	0.006
ORF1a	2691	0.002
ORF1a	2693	0.002
ORF1a	2694	0.002
ORF1a	2696	0.002
ORF1a	2699	0.004
ORF1a	2701	0.002
ORF1a	2702	0.008
ORF1a	2706	0.002
ORF1a	2712	0.002
ORF1a	2715	0.002
ORF1a	2719	0.004
ORF1a	2727	0.002
ORF1a	2729	0.002
ORF1a	2731	0.002
ORF1a	2738	0.002
ORF1a	2739	0.007
ORF1a	2741	0.002
ORF1a	2745	0.002
ORF1a	2750	0.015
ORF1a	2758	0.002
ORF1a	2761	0.002
ORF1a	2766	0.007
ORF1a	2769	0.017
ORF1a	2777	0.002
ORF1a	2778	0.011
ORF1a	2780	0.043
ORF1a	2783	0.002
ORF1a	2784	0.006
ORF1a	2785	0.007
ORF1a	2786	0.010
ORF1a	2789	0.002
ORF1a	2790	0.005
ORF1a	2791	0.015
ORF1a	2794	0.006
ORF1a	2795	0.002
ORF1a	2796	0.036
ORF1a	2797	0.010
ORF1a	2798	0.008
ORF1a	2799	0.004
ORF1a	2800	0.002
ORF1a	2802	0.002
ORF1a	2803	0.007
ORF1a	2806	0.004
ORF1a	2807	0.002
ORF1a	2811	0.002
ORF1a	2812	0.002
ORF1a	2813	0.004
ORF1a	2816	0.002
ORF1a	2818	0.002
ORF1a	2821	0.002
ORF1a	2822	0.002
ORF1a	2823	0.004
ORF1a	2828	0.002
ORF1a	2831	0.002
ORF1a	2832	0.002
ORF1a	2833	0.002
ORF1a	2836	0.007
ORF1a	2840	0.002
ORF1a	2841	0.002
ORF1a	2844	0.004
ORF1a	2846	0.027
ORF1a	2849	0.006
ORF1a	2850	0.004
ORF1a	2852	0.004
ORF1a	2854	0.002
ORF1a	2855	0.002
ORF1a	2856	0.002
ORF1a	2857	0.002
ORF1a	2859	0.006
ORF1a	2862	0.009
ORF1a	2866	0.002
ORF1a	2872	0.010
ORF1a	2875	0.002
ORF1a	2876	0.004
ORF1a	2877	0.002
ORF1a	2891	0.002
ORF1a	2900	0.017
ORF1a	2903	0.002
ORF1a	2909	0.008
ORF1a	2924	0.002
ORF1a	2926	0.007
ORF1a	2930	0.434
ORF1a	2936	0.074
ORF1a	2938	0.002
ORF1a	2940	0.002
ORF1a	2941	0.004
ORF1a	2946	0.002
ORF1a	2947	0.026
ORF1a	2949	0.002
ORF1a	2950	0.005
ORF1a	2952	0.017
ORF1a	2955	0.002
ORF1a	2957	0.002
ORF1a	2959	0.002
ORF1a	2960	0.010
ORF1a	2963	0.002
ORF1a	2965	0.002
ORF1a	2966	0.002
ORF1a	2967	0.018
ORF1a	2969	0.002
ORF1a	2972	0.010
ORF1a	2973	0.002
ORF1a	2977	0.004
ORF1a	2978	0.002
ORF1a	2980	0.059
ORF1a	2981	0.008
ORF1a	2982	0.002
ORF1a	2994	0.015
ORF1a	3001	0.002
ORF1a	3009	0.002
ORF1a	3012	0.002
ORF1a	3023	0.002
ORF1a	3027	0.017
ORF1a	3028	0.002
ORF1a	3031	0.002
ORF1a	3032	0.004
ORF1a	3042	0.010
ORF1a	3047	0.002
ORF1a	3052	0.004
ORF1a	3056	0.006
ORF1a	3057	0.004
ORF1a	3058	0.006
ORF1a	3059	0.008
ORF1a	3060	0.002
ORF1a	3071	0.052
ORF1a	3072	0.004
ORF1a	3073	0.002
ORF1a	3074	0.002
ORF1a	3076	0.008
ORF1a	3078	0.005
ORF1a	3082	0.002
ORF1a	3085	0.002
ORF1a	3087	0.030
ORF1a	3090	0.002
ORF1a	3091	0.002
ORF1a	3097	0.002
ORF1a	3099	0.010
ORF1a	3111	0.002
ORF1a	3114	0.002
ORF1a	3116	0.023
ORF1a	3117	0.013
ORF1a	3129	0.028
ORF1a	3134	0.002
ORF1a	3138	0.028
ORF1a	3143	0.030
ORF1a	3145	0.002
ORF1a	3146	0.002
ORF1a	3148	0.007
ORF1a	3149	0.015
ORF1a	3153	0.002
ORF1a	3158	0.012
ORF1a	3162	0.026
ORF1a	3163	0.013
ORF1a	3170	0.004
ORF1a	3172	0.002
ORF1a	3173	0.002
ORF1a	3192	0.004
ORF1a	3195	0.002
ORF1a	3196	0.002
ORF1a	3197	0.002
ORF1a	3200	0.002
ORF1a	3201	0.145
ORF1a	3202	0.008
ORF1a	3204	0.004
ORF1a	3209	0.310
ORF1a	3210	0.006
ORF1a	3220	0.002
ORF1a	3221	0.018
ORF1a	3222	0.041
ORF1a	3224	0.005
ORF1a	3233	0.004
ORF1a	3240	0.002
ORF1a	3244	0.020
ORF1a	3255	0.528
ORF1a	3258	0.006
ORF1a	3267	0.002
ORF1a	3278	0.144
ORF1a	3280	0.013
ORF1a	3281	0.005
ORF1a	3284	0.065
ORF1a	3286	0.002
ORF1a	3287	0.016
ORF1a	3308	0.002
ORF1a	3313	0.008
ORF1a	3324	0.002
ORF1a	3330	0.002
ORF1a	3334	0.030
ORF1a	3336	0.002
ORF1a	3338	0.017
ORF1a	3339	0.002
ORF1a	3341	0.006
ORF1a	3344	0.004
ORF1a	3349	0.002
ORF1a	3350	0.002
ORF1a	3351	0.002
ORF1a	3352	0.057
ORF1a	3353	0.211
ORF1a	3356	0.005
ORF1a	3357	0.004
ORF1a	3359	0.030
ORF1a	3363	0.013
ORF1a	3368	0.002
ORF1a	3371	0.025
ORF1a	3379	0.002
ORF1a	3392	0.004
ORF1a	3395	0.018
ORF1a	3411	0.002
ORF1a	3420	0.007
ORF1a	3422	0.002
ORF1a	3423	0.002
ORF1a	3425	0.010
ORF1a	3440	0.002
ORF1a	3447	0.013
ORF1a	3449	0.010
ORF1a	3454	0.013
ORF1a	3456	0.017
ORF1a	3457	0.002
ORF1a	3459	0.002
ORF1a	3461	0.004
ORF1a	3467	0.002
ORF1a	3468	0.020
ORF1a	3476	0.034
ORF1a	3480	0.002
ORF1a	3483	0.010
ORF1a	3486	0.007
ORF1a	3488	0.007
ORF1a	3489	0.002
ORF1a	3497	0.004
ORF1a	3504	0.016
ORF1a	3506	0.002
ORF1a	3509	0.017
ORF1a	3510	0.002
ORF1a	3511	0.002
ORF1a	3517	0.002
ORF1a	3522	0.005
ORF1a	3523	0.020
ORF1a	3526	0.002
ORF1a	3527	0.008
ORF1a	3529	0.007
ORF1a	3537	0.011
ORF1a	3539	0.002
ORF1a	3542	0.008
ORF1a	3543	0.004
ORF1a	3546	0.009
ORF1a	3547	0.004
ORF1a	3548	0.006
ORF1a	3559	0.013
ORF1a	3566	0.006
ORF1a	3570	0.002
ORF1a	3571	0.066
ORF1a	3573	0.006
ORF1a	3575	0.002
ORF1a	3577	0.002
ORF1a	3580	0.060
ORF1a	3585	0.004
ORF1a	3587	0.002
ORF1a	3588	0.006
ORF1a	3591	0.002
ORF1a	3593	0.034
ORF1a	3596	0.012
ORF1a	3598	0.002
ORF1a	3606	0.168
ORF1a	3610	0.002
ORF1a	3611	0.002
ORF1a	3613	0.002
ORF1a	3615	0.011
ORF1a	3618	0.114
ORF1a	3620	0.010
ORF1a	3621	0.006
ORF1a	3623	0.008
ORF1a	3625	0.002
ORF1a	3627	0.005
ORF1a	3632	0.005
ORF1a	3644	0.064
ORF1a	3645	0.005
ORF1a	3646	0.449
ORF1a	3648	0.004
ORF1a	3649	0.002
ORF1a	3651	0.008
ORF1a	3653	0.023
ORF1a	3655	0.042
ORF1a	3657	0.002
ORF1a	3661	0.002
ORF1a	3662	0.005
ORF1a	3663	0.002
ORF1a	3666	0.002
ORF1a	3667	0.031
ORF1a	3669	0.002
ORF1a	3672	0.002
ORF1a	3673	0.002
ORF1a	3674	0.004
ORF1a	3675	0.676
ORF1a	3676	0.696
ORF1a	3677	0.703
ORF1a	3681	0.002
ORF1a	3683	0.005
ORF1a	3686	0.004
ORF1a	3687	0.026
ORF1a	3688	0.004
ORF1a	3689	0.002
ORF1a	3691	0.041
ORF1a	3697	0.013
ORF1a	3703	0.002
ORF1a	3704	0.002
ORF1a	3705	0.008
ORF1a	3711	0.006
ORF1a	3712	0.004
ORF1a	3715	0.002
ORF1a	3716	0.002
ORF1a	3718	0.310
ORF1a	3722	0.002
ORF1a	3729	0.090
ORF1a	3730	0.008
ORF1a	3731	0.035
ORF1a	3733	0.018
ORF1a	3736	0.006
ORF1a	3737	0.007
ORF1a	3748	0.013
ORF1a	3749	0.002
ORF1a	3750	0.196
ORF1a	3752	0.042
ORF1a	3753	0.004
ORF1a	3757	0.002
ORF1a	3758	0.004
ORF1a	3759	0.011
ORF1a	3761	0.004
ORF1a	3763	0.002
ORF1a	3764	0.009
ORF1a	3765	0.004
ORF1a	3766	0.006
ORF1a	3767	0.002
ORF1a	3769	0.002
ORF1a	3772	0.004
ORF1a	3776	0.002
ORF1a	3777	0.030
ORF1a	3779	0.002
ORF1a	3780	0.002
ORF1a	3782	0.002
ORF1a	3783	0.002
ORF1a	3784	0.002
ORF1a	3785	0.005
ORF1a	3786	0.002
ORF1a	3787	0.002
ORF1a	3788	0.002
ORF1a	3789	0.002
ORF1a	3790	0.007
ORF1a	3791	0.002
ORF1a	3792	0.002
ORF1a	3793	0.002
ORF1a	3794	0.002
ORF1a	3795	0.002
ORF1a	3796	0.002
ORF1a	3797	0.002
ORF1a	3798	0.002
ORF1a	3799	0.002
ORF1a	3800	0.007
ORF1a	3801	0.002
ORF1a	3802	0.005
ORF1a	3803	0.005
ORF1a	3804	0.002
ORF1a	3805	0.002
ORF1a	3806	0.002
ORF1a	3818	0.002
ORF1a	3824	0.002
ORF1a	3826	0.002
ORF1a	3827	0.002
ORF1a	3829	0.085
ORF1a	3832	0.002
ORF1a	3833	0.002
ORF1a	3837	0.004
ORF1a	3847	0.024
ORF1a	3851	0.002
ORF1a	3859	0.002
ORF1a	3862	0.006
ORF1a	3863	0.002
ORF1a	3865	0.002
ORF1a	3868	0.002
ORF1a	3874	0.002
ORF1a	3875	0.002
ORF1a	3877	0.004
ORF1a	3884	0.034
ORF1a	3889	0.002
ORF1a	3892	0.002
ORF1a	3903	0.002
ORF1a	3913	0.004
ORF1a	3915	0.008
ORF1a	3917	0.007
ORF1a	3919	0.002
ORF1a	3923	0.002
ORF1a	3927	0.002
ORF1a	3929	0.008
ORF1a	3930	0.051
ORF1a	3931	0.002
ORF1a	3934	0.018
ORF1a	3935	0.004
ORF1a	3936	0.002
ORF1a	3937	0.004
ORF1a	3939	0.005
ORF1a	3940	0.002
ORF1a	3944	0.013
ORF1a	3945	0.002
ORF1a	3946	0.002
ORF1a	3950	0.002
ORF1a	3951	0.004
ORF1a	3952	0.006
ORF1a	3956	0.002
ORF1a	3957	0.002
ORF1a	3958	0.010
ORF1a	3959	0.002
ORF1a	3963	0.002
ORF1a	3966	0.078
ORF1a	3969	0.002
ORF1a	3971	0.002
ORF1a	3975	0.007
ORF1a	3976	0.007
ORF1a	3977	0.002
ORF1a	3979	0.002
ORF1a	3987	0.007
ORF1a	3990	0.004
ORF1a	3993	0.009
ORF1a	3995	0.002
ORF1a	4003	0.004
ORF1a	4010	0.006
ORF1a	4016	0.008
ORF1a	4017	0.002
ORF1a	4018	0.002
ORF1a	4023	0.002
ORF1a	4031	0.015
ORF1a	4035	0.002
ORF1a	4049	0.006
ORF1a	4050	0.002
ORF1a	4064	0.002
ORF1a	4065	0.018
ORF1a	4075	0.002
ORF1a	4077	0.002
ORF1a	4078	0.002
ORF1a	4079	0.002
ORF1a	4080	0.002
ORF1a	4083	0.021
ORF1a	4085	0.004
ORF1a	4087	0.046
ORF1a	4088	0.007
ORF1a	4090	0.046
ORF1a	4094	0.002
ORF1a	4097	0.005
ORF1a	4098	0.002
ORF1a	4101	0.004
ORF1a	4102	0.004
ORF1a	4111	0.002
ORF1a	4112	0.004
ORF1a	4115	0.002
ORF1a	4119	0.002
ORF1a	4120	0.006
ORF1a	4127	0.002
ORF1a	4129	0.013
ORF1a	4133	0.002
ORF1a	4136	0.002
ORF1a	4152	0.002
ORF1a	4158	0.004
ORF1a	4159	0.002
ORF1a	4161	0.013
ORF1a	4162	0.002
ORF1a	4164	0.038
ORF1a	4165	0.002
ORF1a	4166	0.002
ORF1a	4167	0.002
ORF1a	4170	0.002
ORF1a	4174	0.012
ORF1a	4175	0.106
ORF1a	4176	0.006
ORF1a	4177	0.002
ORF1a	4178	0.002
ORF1a	4179	0.004
ORF1a	4182	0.028
ORF1a	4187	0.009
ORF1a	4188	0.002
ORF1a	4190	0.002
ORF1a	4202	0.005
ORF1a	4205	0.026
ORF1a	4207	0.002
ORF1a	4211	0.005
ORF1a	4217	0.002
ORF1a	4220	0.011
ORF1a	4223	0.011
ORF1a	4241	0.025
ORF1a	4247	0.002
ORF1a	4249	0.012
ORF1a	4254	0.002
ORF1a	4257	0.002
ORF1a	4258	0.002
ORF1a	4261	0.007
ORF1a	4265	0.008
ORF1a	4275	0.005
ORF1a	4285	0.023
ORF1a	4286	0.002
ORF1a	4290	0.002
ORF1a	4292	0.004
ORF1a	4295	0.004
ORF1a	4304	0.018
ORF1a	4308	0.004
ORF1a	4312	0.002
ORF1a	4316	0.002
ORF1a	4334	0.002
ORF1a	4337	0.002
ORF1a	4339	0.002
ORF1a	4340	0.002
ORF1a	4348	0.002
ORF1a	4350	0.002
ORF1a	4354	0.007
ORF1a	4355	0.020
ORF1a	4357	0.007
ORF1a	4364	0.010
ORF1a	4367	0.002
ORF1a	4368	0.002
ORF1a	4372	0.004
ORF1a	4374	0.013
ORF1a	4382	0.002
ORF1a	4387	0.016
ORF1a	4389	0.002
ORF1a	4391	0.002
ORF1a	4392	0.002
ORF1a	4394	0.009
ORF1a	4398	0.013
ORF1b	6	0.002
ORF1b	7	0.005
ORF1b	9	0.002
ORF1b	11	0.002
ORF1b	16	0.002
ORF1b	17	0.006
ORF1b	28	0.004
ORF1b	29	0.002
ORF1b	38	0.002
ORF1b	50	0.016
ORF1b	51	0.002
ORF1b	53	0.002
ORF1b	54	0.004
ORF1b	63	0.004
ORF1b	66	0.002
ORF1b	67	0.002
ORF1b	69	0.002
ORF1b	72	0.002
ORF1b	76	0.012
ORF1b	82	0.022
ORF1b	83	0.017
ORF1b	85	0.004
ORF1b	86	0.006
ORF1b	87	0.005
ORF1b	88	0.054
ORF1b	97	0.002
ORF1b	98	0.004
ORF1b	99	0.009
ORF1b	100	0.009
ORF1b	101	0.007
ORF1b	103	0.004
ORF1b	109	0.002
ORF1b	115	0.024
ORF1b	116	0.002
ORF1b	122	0.002
ORF1b	128	0.004
ORF1b	129	0.002
ORF1b	131	0.002
ORF1b	132	0.007
ORF1b	134	0.002
ORF1b	136	0.002
ORF1b	139	0.002
ORF1b	140	0.002
ORF1b	141	0.002
ORF1b	142	0.002
ORF1b	144	0.011
ORF1b	145	0.005
ORF1b	146	0.007
ORF1b	149	0.002
ORF1b	151	0.002
ORF1b	152	0.002
ORF1b	154	0.002
ORF1b	155	0.002
ORF1b	157	0.002
ORF1b	160	0.002
ORF1b	164	0.013
ORF1b	165	0.002
ORF1b	168	0.005
ORF1b	170	0.006
ORF1b	175	0.002
ORF1b	176	0.033
ORF1b	177	0.002
ORF1b	180	0.002
ORF1b	182	0.002
ORF1b	183	0.030
ORF1b	185	0.005
ORF1b	187	0.015
ORF1b	188	0.024
ORF1b	189	0.002
ORF1b	192	0.004
ORF1b	206	0.002
ORF1b	216	0.013
ORF1b	218	0.178
ORF1b	219	0.006
ORF1b	220	0.011
ORF1b	224	0.004
ORF1b	238	0.002
ORF1b	239	0.010
ORF1b	240	0.008
ORF1b	241	0.002
ORF1b	243	0.005
ORF1b	248	0.004
ORF1b	253	0.002
ORF1b	254	0.005
ORF1b	255	0.004
ORF1b	258	0.002
ORF1b	260	0.007
ORF1b	261	0.002
ORF1b	262	0.002
ORF1b	275	0.002
ORF1b	276	0.002
ORF1b	280	0.002
ORF1b	284	0.009
ORF1b	293	0.004
ORF1b	295	0.002
ORF1b	302	0.002
ORF1b	306	0.002
ORF1b	310	0.005
ORF1b	314	0.272
ORF1b	321	0.002
ORF1b	335	0.002
ORF1b	345	0.005
ORF1b	347	0.002
ORF1b	348	0.002
ORF1b	349	0.002
ORF1b	355	0.002
ORF1b	363	0.002
ORF1b	370	0.004
ORF1b	371	0.004
ORF1b	373	0.008
ORF1b	374	0.002
ORF1b	375	0.004
ORF1b	385	0.005
ORF1b	391	0.005
ORF1b	396	0.005
ORF1b	403	0.002
ORF1b	414	0.008
ORF1b	417	0.004
ORF1b	427	0.004
ORF1b	434	0.002
ORF1b	435	0.002
ORF1b	436	0.010
ORF1b	440	0.004
ORF1b	442	0.002
ORF1b	451	0.002
ORF1b	452	0.002
ORF1b	454	0.013
ORF1b	455	0.002
ORF1b	457	0.017
ORF1b	466	0.002
ORF1b	469	0.008
ORF1b	472	0.007
ORF1b	482	0.005
ORF1b	490	0.004
ORF1b	508	0.002
ORF1b	512	0.024
ORF1b	513	0.004
ORF1b	517	0.013
ORF1b	520	0.021
ORF1b	527	0.002
ORF1b	528	0.010
ORF1b	545	0.002
ORF1b	553	0.004
ORF1b	554	0.002
ORF1b	557	0.002
ORF1b	572	0.002
ORF1b	574	0.006
ORF1b	576	0.004
ORF1b	578	0.002
ORF1b	579	0.002
ORF1b	582	0.002
ORF1b	587	0.004
ORF1b	590	0.002
ORF1b	592	0.002
ORF1b	596	0.008
ORF1b	597	0.002
ORF1b	598	0.017
ORF1b	604	0.012
ORF1b	606	0.002
ORF1b	620	0.033
ORF1b	623	0.006
ORF1b	624	0.005
ORF1b	627	0.002
ORF1b	629	0.008
ORF1b	634	0.021
ORF1b	635	0.012
ORF1b	638	0.010
ORF1b	647	0.007
ORF1b	657	0.030
ORF1b	658	0.002
ORF1b	659	0.004
ORF1b	661	0.002
ORF1b	662	0.539
ORF1b	680	0.002
ORF1b	681	0.002
ORF1b	688	0.002
ORF1b	691	0.002
ORF1b	697	0.002
ORF1b	701	0.006
ORF1b	702	0.002
ORF1b	703	0.002
ORF1b	706	0.002
ORF1b	707	0.002
ORF1b	709	0.012
ORF1b	710	0.002
ORF1b	711	0.030
ORF1b	712	0.004
ORF1b	714	0.002
ORF1b	716	0.002
ORF1b	721	0.008
ORF1b	725	0.006
ORF1b	727	0.002
ORF1b	729	0.005
ORF1b	730	0.010
ORF1b	734	0.002
ORF1b	735	0.007
ORF1b	745	0.002
ORF1b	747	0.002
ORF1b	754	0.002
ORF1b	765	0.015
ORF1b	767	0.024
ORF1b	771	0.005
ORF1b	773	0.004
ORF1b	794	0.006
ORF1b	795	0.002
ORF1b	796	0.002
ORF1b	797	0.014
ORF1b	798	0.002
ORF1b	807	0.002
ORF1b	809	0.027
ORF1b	813	0.021
ORF1b	814	0.017
ORF1b	815	0.007
ORF1b	816	0.002
ORF1b	818	0.002
ORF1b	820	0.026
ORF1b	821	0.002
ORF1b	829	0.031
ORF1b	839	0.002
ORF1b	861	0.002
ORF1b	863	0.002
ORF1b	864	0.004
ORF1b	867	0.004
ORF1b	868	0.002
ORF1b	869	0.008
ORF1b	870	0.009
ORF1b	873	0.002
ORF1b	884	0.002
ORF1b	901	0.002
ORF1b	904	0.002
ORF1b	909	0.016
ORF1b	910	0.002
ORF1b	914	0.005
ORF1b	920	0.002
ORF1b	923	0.004
ORF1b	927	0.002
ORF1b	938	0.002
ORF1b	941	0.008
ORF1b	970	0.014
ORF1b	974	0.002
ORF1b	975	0.004
ORF1b	976	0.031
ORF1b	977	0.009
ORF1b	980	0.002
ORF1b	986	0.002
ORF1b	997	0.013
ORF1b	1000	0.546
ORF1b	1001	0.022
ORF1b	1003	0.006
ORF1b	1007	0.002
ORF1b	1008	0.005
ORF1b	1009	0.002
ORF1b	1010	0.002
ORF1b	1011	0.057
ORF1b	1012	0.002
ORF1b	1013	0.002
ORF1b	1014	0.002
ORF1b	1021	0.004
ORF1b	1023	0.002
ORF1b	1028	0.030
ORF1b	1031	0.005
ORF1b	1033	0.002
ORF1b	1034	0.002
ORF1b	1038	0.002
ORF1b	1044	0.002
ORF1b	1048	0.004
ORF1b	1050	0.008
ORF1b	1052	0.002
ORF1b	1057	0.004
ORF1b	1074	0.026
ORF1b	1076	0.002
ORF1b	1077	0.004
ORF1b	1078	0.002
ORF1b	1079	0.002
ORF1b	1080	0.002
ORF1b	1081	0.002
ORF1b	1083	0.002
ORF1b	1087	0.024
ORF1b	1089	0.012
ORF1b	1092	0.019
ORF1b	1094	0.002
ORF1b	1095	0.028
ORF1b	1099	0.002
ORF1b	1103	0.002
ORF1b	1110	0.006
ORF1b	1116	0.004
ORF1b	1117	0.004
ORF1b	1123	0.002
ORF1b	1129	0.029
ORF1b	1131	0.002
ORF1b	1132	0.002
ORF1b	1133	0.004
ORF1b	1135	0.002
ORF1b	1137	0.013
ORF1b	1141	0.021
ORF1b	1149	0.041
ORF1b	1156	0.002
ORF1b	1161	0.002
ORF1b	1162	0.004
ORF1b	1170	0.004
ORF1b	1172	0.002
ORF1b	1176	0.004
ORF1b	1179	0.010
ORF1b	1181	0.002
ORF1b	1182	0.060
ORF1b	1183	0.042
ORF1b	1184	0.052
ORF1b	1187	0.009
ORF1b	1189	0.002
ORF1b	1191	0.002
ORF1b	1192	0.004
ORF1b	1197	0.012
ORF1b	1200	0.002
ORF1b	1203	0.002
ORF1b	1213	0.039
ORF1b	1215	0.030
ORF1b	1217	0.002
ORF1b	1219	0.029
ORF1b	1220	0.004
ORF1b	1223	0.016
ORF1b	1225	0.005
ORF1b	1226	0.004
ORF1b	1227	0.002
ORF1b	1230	0.002
ORF1b	1242	0.016
ORF1b	1248	0.002
ORF1b	1249	0.002
ORF1b	1250	0.002
ORF1b	1257	0.024
ORF1b	1259	0.002
ORF1b	1264	0.242
ORF1b	1271	0.010
ORF1b	1273	0.011
ORF1b	1274	0.010
ORF1b	1279	0.002
ORF1b	1285	0.002
ORF1b	1288	0.002
ORF1b	1289	0.004
ORF1b	1290	0.010
ORF1b	1291	0.014
ORF1b	1293	0.009
ORF1b	1294	0.002
ORF1b	1296	0.002
ORF1b	1302	0.005
ORF1b	1305	0.002
ORF1b	1306	0.006
ORF1b	1312	0.005
ORF1b	1315	0.018
ORF1b	1325	0.005
ORF1b	1326	0.011
ORF1b	1336	0.010
ORF1b	1338	0.004
ORF1b	1339	0.002
ORF1b	1342	0.075
ORF1b	1351	0.026
ORF1b	1352	0.046
ORF1b	1354	0.015
ORF1b	1362	0.023
ORF1b	1364	0.002
ORF1b	1365	0.006
ORF1b	1368	0.002
ORF1b	1369	0.016
ORF1b	1376	0.002
ORF1b	1378	0.011
ORF1b	1381	0.002
ORF1b	1383	0.157
ORF1b	1387	0.002
ORF1b	1391	0.005
ORF1b	1392	0.004
ORF1b	1393	0.004
ORF1b	1398	0.002
ORF1b	1402	0.002
ORF1b	1404	0.010
ORF1b	1408	0.002
ORF1b	1414	0.020
ORF1b	1419	0.002
ORF1b	1423	0.005
ORF1b	1424	0.005
ORF1b	1426	0.018
ORF1b	1427	0.018
ORF1b	1428	0.011
ORF1b	1432	0.019
ORF1b	1441	0.004
ORF1b	1443	0.004
ORF1b	1446	0.002
ORF1b	1447	0.002
ORF1b	1448	0.002
ORF1b	1450	0.002
ORF1b	1452	0.008
ORF1b	1464	0.004
ORF1b	1465	0.002
ORF1b	1481	0.002
ORF1b	1493	0.012
ORF1b	1498	0.002
ORF1b	1499	0.022
ORF1b	1502	0.002
ORF1b	1503	0.007
ORF1b	1504	0.020
ORF1b	1509	0.002
ORF1b	1511	0.041
ORF1b	1512	0.002
ORF1b	1518	0.004
ORF1b	1520	0.002
ORF1b	1521	0.030
ORF1b	1522	0.004
ORF1b	1525	0.006
ORF1b	1527	0.002
ORF1b	1528	0.002
ORF1b	1537	0.002
ORF1b	1538	0.012
ORF1b	1539	0.002
ORF1b	1540	0.048
ORF1b	1545	0.002
ORF1b	1546	0.004
ORF1b	1547	0.002
ORF1b	1548	0.002
ORF1b	1550	0.021
ORF1b	1551	0.002
ORF1b	1555	0.010
ORF1b	1558	0.004
ORF1b	1560	0.004
ORF1b	1561	0.004
ORF1b	1563	0.004
ORF1b	1564	0.002
ORF1b	1567	0.022
ORF1b	1568	0.008
ORF1b	1570	0.061
ORF1b	1571	0.002
ORF1b	1572	0.002
ORF1b	1573	0.007
ORF1b	1579	0.002
ORF1b	1582	0.002
ORF1b	1586	0.005
ORF1b	1591	0.002
ORF1b	1592	0.002
ORF1b	1594	0.002
ORF1b	1595	0.002
ORF1b	1596	0.026
ORF1b	1598	0.002
ORF1b	1603	0.002
ORF1b	1609	0.012
ORF1b	1611	0.005
ORF1b	1620	0.006
ORF1b	1621	0.002
ORF1b	1637	0.010
ORF1b	1638	0.005
ORF1b	1643	0.028
ORF1b	1644	0.004
ORF1b	1645	0.002
ORF1b	1646	0.002
ORF1b	1649	0.015
ORF1b	1653	0.048
ORF1b	1657	0.002
ORF1b	1658	0.002
ORF1b	1659	0.002
ORF1b	1660	0.002
ORF1b	1661	0.005
ORF1b	1662	0.005
ORF1b	1664	0.006
ORF1b	1666	0.013
ORF1b	1669	0.002
ORF1b	1674	0.004
ORF1b	1675	0.002
ORF1b	1678	0.002
ORF1b	1679	0.002
ORF1b	1681	0.028
ORF1b	1687	0.006
ORF1b	1688	0.002
ORF1b	1691	0.006
ORF1b	1693	0.021
ORF1b	1701	0.011
ORF1b	1705	0.002
ORF1b	1706	0.018
ORF1b	1707	0.002
ORF1b	1708	0.002
ORF1b	1710	0.002
ORF1b	1712	0.004
ORF1b	1715	0.002
ORF1b	1720	0.002
ORF1b	1727	0.013
ORF1b	1728	0.008
ORF1b	1729	0.005
ORF1b	1732	0.002
ORF1b	1735	0.002
ORF1b	1736	0.002
ORF1b	1737	0.008
ORF1b	1738	0.002
ORF1b	1742	0.002
ORF1b	1743	0.002
ORF1b	1744	0.004
ORF1b	1749	0.002
ORF1b	1763	0.005
ORF1b	1774	0.012
ORF1b	1778	0.002
ORF1b	1779	0.005
ORF1b	1782	0.002
ORF1b	1787	0.002
ORF1b	1790	0.002
ORF1b	1793	0.002
ORF1b	1799	0.002
ORF1b	1807	0.005
ORF1b	1808	0.006
ORF1b	1811	0.002
ORF1b	1812	0.002
ORF1b	1813	0.010
ORF1b	1821	0.012
ORF1b	1822	0.002
ORF1b	1831	0.004
ORF1b	1835	0.004
ORF1b	1836	0.006
ORF1b	1838	0.005
ORF1b	1839	0.016
ORF1b	1840	0.004
ORF1b	1844	0.015
ORF1b	1847	0.011
ORF1b	1848	0.015
ORF1b	1849	0.002
ORF1b	1850	0.002
ORF1b	1851	0.029
ORF1b	1863	0.005
ORF1b	1867	0.002
ORF1b	1868	0.002
ORF1b	1869	0.004
ORF1b	1871	0.021
ORF1b	1873	0.022
ORF1b	1877	0.002
ORF1b	1878	0.002
ORF1b	1881	0.002
ORF1b	1882	0.002
ORF1b	1884	0.014
ORF1b	1887	0.002
ORF1b	1895	0.011
ORF1b	1897	0.002
ORF1b	1898	0.016
ORF1b	1899	0.007
ORF1b	1901	0.002
ORF1b	1903	0.005
ORF1b	1905	0.004
ORF1b	1914	0.007
ORF1b	1917	0.005
ORF1b	1918	0.433
ORF1b	1919	0.004
ORF1b	1922	0.002
ORF1b	1927	0.002
ORF1b	1936	0.025
ORF1b	1944	0.007
ORF1b	1945	0.004
ORF1b	1954	0.002
ORF1b	1960	0.002
ORF1b	1962	0.002
ORF1b	1966	0.002
ORF1b	1967	0.008
ORF1b	1975	0.071
ORF1b	1977	0.012
ORF1b	1979	0.008
ORF1b	1983	0.004
ORF1b	1984	0.002
ORF1b	1987	0.002
ORF1b	1993	0.002
ORF1b	1998	0.004
ORF1b	2005	0.002
ORF1b	2006	0.002
ORF1b	2013	0.002
ORF1b	2017	0.004
ORF1b	2020	0.007
ORF1b	2025	0.012
ORF1b	2026	0.002
ORF1b	2027	0.002
ORF1b	2039	0.002
ORF1b	2040	0.033
ORF1b	2048	0.002
ORF1b	2049	0.004
ORF1b	2052	0.002
ORF1b	2054	0.002
ORF1b	2055	0.002
ORF1b	2061	0.006
ORF1b	2063	0.009
ORF1b	2065	0.002
ORF1b	2070	0.009
ORF1b	2073	0.010
ORF1b	2074	0.005
ORF1b	2075	0.002
ORF1b	2082	0.002
ORF1b	2084	0.023
ORF1b	2086	0.010
ORF1b	2088	0.002
ORF1b	2089	0.010
ORF1b	2090	0.004
ORF1b	2097	0.005
ORF1b	2099	0.021
ORF1b	2115	0.002
ORF1b	2116	0.015
ORF1b	2117	0.016
ORF1b	2127	0.007
ORF1b	2131	0.002
ORF1b	2132	0.017
ORF1b	2133	0.002
ORF1b	2134	0.002
ORF1b	2136	0.002
ORF1b	2138	0.004
ORF1b	2142	0.012
ORF1b	2143	0.012
ORF1b	2145	0.013
ORF1b	2149	0.002
ORF1b	2160	0.008
ORF1b	2162	0.002
ORF1b	2163	0.016
ORF1b	2165	0.006
ORF1b	2166	0.007
ORF1b	2168	0.007
ORF1b	2169	0.017
ORF1b	2171	0.002
ORF1b	2172	0.002
ORF1b	2178	0.027
ORF1b	2179	0.019
ORF1b	2180	0.008
ORF1b	2183	0.011
ORF1b	2184	0.002
ORF1b	2186	0.002
ORF1b	2197	0.002
ORF1b	2198	0.006
ORF1b	2199	0.002
ORF1b	2200	0.002
ORF1b	2201	0.005
ORF1b	2204	0.002
ORF1b	2209	0.002
ORF1b	2212	0.007
ORF1b	2213	0.008
ORF1b	2217	0.002
ORF1b	2218	0.002
ORF1b	2222	0.014
ORF1b	2223	0.012
ORF1b	2231	0.002
ORF1b	2233	0.007
ORF1b	2236	0.002
ORF1b	2247	0.006
ORF1b	2252	0.002
ORF1b	2255	0.002
ORF1b	2256	0.024
ORF1b	2257	0.011
ORF1b	2260	0.005
ORF1b	2262	0.004
ORF1b	2263	0.002
ORF1b	2268	0.007
ORF1b	2269	0.002
ORF1b	2270	0.013
ORF1b	2273	0.002
ORF1b	2275	0.002
ORF1b	2276	0.004
ORF1b	2279	0.002
ORF1b	2282	0.008
ORF1b	2285	0.090
ORF1b	2287	0.004
ORF1b	2297	0.002
ORF1b	2303	0.008
ORF1b	2306	0.012
ORF1b	2308	0.012
ORF1b	2310	0.065
ORF1b	2311	0.013
ORF1b	2312	0.050
ORF1b	2313	0.009
ORF1b	2314	0.002
ORF1b	2318	0.002
ORF1b	2320	0.002
ORF1b	2321	0.010
ORF1b	2322	0.005
ORF1b	2324	0.008
ORF1b	2332	0.002
ORF1b	2333	0.013
ORF1b	2335	0.006
ORF1b	2338	0.012
ORF1b	2339	0.006
ORF1b	2342	0.002
ORF1b	2350	0.012
ORF1b	2351	0.002
ORF1b	2354	0.005
ORF1b	2355	0.005
ORF1b	2356	0.002
ORF1b	2357	0.002
ORF1b	2361	0.006
ORF1b	2366	0.002
ORF1b	2367	0.002
ORF1b	2369	0.002
ORF1b	2371	0.091
ORF1b	2378	0.002
ORF1b	2379	0.004
ORF1b	2380	0.002
ORF1b	2381	0.004
ORF1b	2382	0.012
ORF1b	2385	0.002
ORF1b	2386	0.007
ORF1b	2388	0.004
ORF1b	2392	0.002
ORF1b	2403	0.015
ORF1b	2407	0.002
ORF1b	2408	0.004
ORF1b	2411	0.002
ORF1b	2414	0.015
ORF1b	2417	0.010
ORF1b	2425	0.007
ORF1b	2430	0.013
ORF1b	2431	0.009
ORF1b	2432	0.020
ORF1b	2434	0.002
ORF1b	2445	0.002
ORF1b	2452	0.002
ORF1b	2458	0.005
ORF1b	2474	0.002
ORF1b	2475	0.002
ORF1b	2483	0.002
ORF1b	2488	0.022
ORF1b	2490	0.004
ORF1b	2497	0.002
ORF1b	2499	0.012
ORF1b	2501	0.002
ORF1b	2509	0.002
ORF1b	2510	0.009
ORF1b	2513	0.023
ORF1b	2514	0.002
ORF1b	2516	0.011
ORF1b	2519	0.002
ORF1b	2523	0.010
ORF1b	2531	0.006
ORF1b	2537	0.037
ORF1b	2538	0.002
ORF1b	2541	0.002
ORF1b	2548	0.031
ORF1b	2551	0.002
ORF1b	2556	0.005
ORF1b	2557	0.089
ORF1b	2559	0.002
ORF1b	2560	0.002
ORF1b	2565	0.004
ORF1b	2566	0.002
ORF1b	2567	0.002
ORF1b	2568	0.002
ORF1b	2571	0.002
ORF1b	2575	0.004
ORF1b	2576	0.023
ORF1b	2579	0.008
ORF1b	2580	0.011
ORF1b	2585	0.002
ORF1b	2589	0.002
ORF1b	2591	0.002
ORF1b	2592	0.004
ORF1b	2593	0.002
ORF1b	2609	0.002
ORF1b	2610	0.002
ORF1b	2612	0.030
ORF1b	2613	0.107
ORF1b	2614	0.002
ORF1b	2623	0.010
ORF1b	2626	0.002
ORF1b	2633	0.016
ORF1b	2634	0.002
ORF1b	2635	0.056
ORF1b	2645	0.005
ORF1b	2656	0.002
ORF1b	2661	0.007
ORF1b	2662	0.005
ORF1b	2664	0.002
ORF1b	2666	0.004
ORF1b	2667	0.017
ORF1b	2677	0.002
ORF1b	2681	0.002
ORF1b	2684	0.011
ORF1b	2685	0.004
ORF1b	2687	0.004
ORF1b	2690	0.002
ORF1b	2691	0.007
ORF1b	2695	0.002
ORF3a	5	0.005
ORF3a	6	0.007
ORF3a	7	0.004
ORF3a	9	0.009
ORF3a	10	0.005
ORF3a	11	0.009
ORF3a	12	0.026
ORF3a	13	0.028
ORF3a	14	0.013
ORF3a	15	0.044
ORF3a	16	0.013
ORF3a	17	0.007
ORF3a	18	0.021
ORF3a	19	0.011
ORF3a	20	0.007
ORF3a	21	0.013
ORF3a	22	0.009
ORF3a	23	0.024
ORF3a	24	0.026
ORF3a	25	0.013
ORF3a	26	0.558
ORF3a	27	0.032
ORF3a	28	0.012
ORF3a	29	0.009
ORF3a	30	0.009
ORF3a	32	0.007
ORF3a	33	0.015
ORF3a	34	0.002
ORF3a	35	0.004
ORF3a	37	0.002
ORF3a	38	0.015
ORF3a	39	0.011
ORF3a	40	0.012
ORF3a	41	0.080
ORF3a	42	0.087
ORF3a	43	0.002
ORF3a	44	0.011
ORF3a	45	0.022
ORF3a	46	0.010
ORF3a	47	0.006
ORF3a	48	0.007
ORF3a	49	0.013
ORF3a	50	0.025
ORF3a	52	0.010
ORF3a	53	0.008
ORF3a	54	0.024
ORF3a	55	0.009
ORF3a	57	0.454
ORF3a	58	0.007
ORF3a	59	0.007
ORF3a	60	0.002
ORF3a	61	0.002
ORF3a	62	0.005
ORF3a	63	0.004
ORF3a	65	0.007
ORF3a	66	0.002
ORF3a	67	0.011
ORF3a	68	0.022
ORF3a	69	0.018
ORF3a	72	0.017
ORF3a	73	0.006
ORF3a	74	0.043
ORF3a	75	0.007
ORF3a	76	0.002
ORF3a	77	0.012
ORF3a	78	0.023
ORF3a	81	0.002
ORF3a	83	0.012
ORF3a	84	0.004
ORF3a	85	0.015
ORF3a	86	0.006
ORF3a	87	0.002
ORF3a	88	0.012
ORF3a	89	0.012
ORF3a	90	0.015
ORF3a	92	0.004
ORF3a	93	0.004
ORF3a	94	0.002
ORF3a	95	0.004
ORF3a	96	0.002
ORF3a	97	0.005
ORF3a	98	0.011
ORF3a	99	0.024
ORF3a	100	0.033
ORF3a	101	0.006
ORF3a	102	0.009
ORF3a	103	0.002
ORF3a	104	0.067
ORF3a	106	0.012
ORF3a	107	0.005
ORF3a	108	0.006
ORF3a	109	0.004
ORF3a	110	0.030
ORF3a	112	0.014
ORF3a	113	0.002
ORF3a	116	0.002
ORF3a	118	0.009
ORF3a	119	0.007
ORF3a	122	0.009
ORF3a	125	0.002
ORF3a	126	0.012
ORF3a	127	0.008
ORF3a	128	0.011
ORF3a	129	0.010
ORF3a	131	0.088
ORF3a	132	0.002
ORF3a	134	0.014
ORF3a	140	0.008
ORF3a	142	0.002
ORF3a	144	0.002
ORF3a	145	0.002
ORF3a	149	0.043
ORF3a	151	0.067
ORF3a	152	0.002
ORF3a	154	0.002
ORF3a	155	0.042
ORF3a	156	0.013
ORF3a	158	0.009
ORF3a	159	0.002
ORF3a	163	0.007
ORF3a	165	0.004
ORF3a	166	0.006
ORF3a	170	0.002
ORF3a	171	0.192
ORF3a	172	0.090
ORF3a	173	0.002
ORF3a	174	0.039
ORF3a	175	0.024
ORF3a	176	0.004
ORF3a	177	0.005
ORF3a	178	0.002
ORF3a	179	0.002
ORF3a	180	0.007
ORF3a	181	0.002
ORF3a	182	0.014
ORF3a	183	0.002
ORF3a	184	0.002
ORF3a	185	0.010
ORF3a	186	0.002
ORF3a	187	0.002
ORF3a	188	0.004
ORF3a	189	0.002
ORF3a	192	0.002
ORF3a	193	0.011
ORF3a	194	0.015
ORF3a	195	0.004
ORF3a	196	0.052
ORF3a	197	0.002
ORF3a	198	0.002
ORF3a	200	0.002
ORF3a	201	0.009
ORF3a	202	0.024
ORF3a	209	0.008
ORF3a	210	0.005
ORF3a	213	0.002
ORF3a	216	0.007
ORF3a	217	0.015
ORF3a	218	0.004
ORF3a	219	0.013
ORF3a	221	0.004
ORF3a	222	0.006
ORF3a	223	0.051
ORF3a	224	0.045
ORF3a	225	0.011
ORF3a	226	0.002
ORF3a	227	0.005
ORF3a	228	0.004
ORF3a	229	0.005
ORF3a	231	0.002
ORF3a	237	0.002
ORF3a	238	0.010
ORF3a	239	0.026
ORF3a	240	0.032
ORF3a	246	0.004
ORF3a	247	0.005
ORF3a	249	0.002
ORF3a	251	0.052
ORF3a	252	0.002
ORF3a	253	0.250
ORF3a	254	0.044
ORF3a	255	0.027
ORF3a	256	0.015
ORF3a	257	0.017
ORF3a	258	0.015
ORF3a	259	0.002
ORF3a	260	0.018
ORF3a	261	0.007
ORF3a	262	0.007
ORF3a	263	0.002
ORF3a	264	0.002
ORF3a	266	0.002
ORF3a	267	0.005
ORF3a	268	0.008
ORF3a	269	0.013
ORF3a	270	0.002
ORF3a	271	0.002
ORF3a	273	0.002
ORF3a	274	0.002
ORF3a	275	0.010
ORF6	2	0.073
ORF6	3	0.002
ORF6	5	0.004
ORF6	6	0.005
ORF6	7	0.002
ORF6	8	0.007
ORF6	9	0.002
ORF6	10	0.002
ORF6	12	0.002
ORF6	13	0.002
ORF6	20	0.007
ORF6	21	0.006
ORF6	22	0.005
ORF6	23	0.002
ORF6	24	0.002
ORF6	25	0.002
ORF6	26	0.007
ORF6	27	0.016
ORF6	28	0.002
ORF6	29	0.002
ORF6	30	0.002
ORF6	31	0.004
ORF6	32	0.005
ORF6	33	0.056
ORF6	40	0.002
ORF6	41	0.002
ORF6	42	0.005
ORF6	46	0.004
ORF6	48	0.033
ORF6	49	0.004
ORF6	52	0.005
ORF6	53	0.007
ORF6	54	0.011
ORF6	57	0.002
ORF6	59	0.005
ORF6	60	0.007
ORF6	61	0.019
ORF6	62	0.013
ORF7a	1	0.013
ORF7a	2	0.016
ORF7a	4	0.005
ORF7a	5	0.006
ORF7a	8	0.007
ORF7a	10	0.002
ORF7a	11	0.007
ORF7a	13	0.005
ORF7a	14	0.015
ORF7a	16	0.002
ORF7a	22	0.020
ORF7a	23	0.005
ORF7a	24	0.013
ORF7a	25	0.009
ORF7a	26	0.002
ORF7a	28	0.010
ORF7a	29	0.009
ORF7a	32	0.002
ORF7a	34	0.018
ORF7a	37	0.017
ORF7a	38	0.019
ORF7a	39	0.023
ORF7a	41	0.009
ORF7a	42	0.009
ORF7a	43	0.011
ORF7a	44	0.006
ORF7a	45	0.100
ORF7a	46	0.011
ORF7a	47	0.018
ORF7a	48	0.009
ORF7a	49	0.006
ORF7a	50	0.011
ORF7a	51	0.009
ORF7a	52	0.008
ORF7a	53	0.006
ORF7a	54	0.018
ORF7a	55	0.017
ORF7a	56	0.017
ORF7a	57	0.019
ORF7a	58	0.015
ORF7a	59	0.018
ORF7a	60	0.022
ORF7a	61	0.026
ORF7a	62	0.051
ORF7a	63	0.015
ORF7a	64	0.019
ORF7a	65	0.013
ORF7a	66	0.016
ORF7a	67	0.014
ORF7a	68	0.012
ORF7a	69	0.018
ORF7a	70	0.025
ORF7a	71	0.071
ORF7a	72	0.041
ORF7a	73	0.059
ORF7a	74	0.039
ORF7a	75	0.042
ORF7a	76	0.045
ORF7a	77	0.008
ORF7a	78	0.016
ORF7a	79	0.011
ORF7a	80	0.022
ORF7a	81	0.014
ORF7a	82	0.561
ORF7a	83	0.026
ORF7a	84	0.019
ORF7a	85	0.006
ORF7a	86	0.006
ORF7a	87	0.006
ORF7a	88	0.006
ORF7a	89	0.006
ORF7a	90	0.006
ORF7a	91	0.006
ORF7a	92	0.009
ORF7a	93	0.023
ORF7a	94	0.036
ORF7a	95	0.019
ORF7a	96	0.022
ORF7a	97	0.011
ORF7a	98	0.007
ORF7a	99	0.015
ORF7a	100	0.002
ORF7a	101	0.004
ORF7a	102	0.007
ORF7a	103	0.002
ORF7a	104	0.005
ORF7a	105	0.014
ORF7a	106	0.002
ORF7a	107	0.002
ORF7a	108	0.002
ORF7a	109	0.002
ORF7a	110	0.007
ORF7a	113	0.002
ORF7a	115	0.008
ORF7a	116	0.128
ORF7a	117	0.004
ORF7a	118	0.020
ORF7a	119	0.011
ORF7a	120	0.545
ORF7a	121	0.015
ORF7a	122	0.016
ORF7b	1	0.018
ORF7b	2	0.016
ORF7b	3	0.007
ORF7b	4	0.007
ORF7b	5	0.016
ORF7b	6	0.002
ORF7b	8	0.002
ORF7b	9	0.008
ORF7b	10	0.002
ORF7b	11	0.002
ORF7b	13	0.002
ORF7b	14	0.036
ORF7b	15	0.012
ORF7b	20	0.009
ORF7b	24	0.002
ORF7b	25	0.008
ORF7b	29	0.006
ORF7b	30	0.002
ORF7b	31	0.007
ORF7b	32	0.002
ORF7b	33	0.007
ORF7b	34	0.002
ORF7b	36	0.002
ORF7b	37	0.005
ORF7b	39	0.024
ORF7b	40	0.435
ORF7b	41	0.012
ORF7b	42	0.009
ORF7b	43	0.036
ORF8	1	0.076
ORF8	2	0.080
ORF8	3	0.011
ORF8	4	0.028
ORF8	5	0.007
ORF8	6	0.007
ORF8	7	0.005
ORF8	8	0.022
ORF8	9	0.006
ORF8	10	0.015
ORF8	11	0.161
ORF8	12	0.006
ORF8	13	0.006
ORF8	14	0.013
ORF8	15	0.006
ORF8	16	0.006
ORF8	17	0.011
ORF8	18	0.024
ORF8	19	0.013
ORF8	20	0.009
ORF8	21	0.015
ORF8	22	0.006
ORF8	23	0.009
ORF8	24	0.067
ORF8	25	0.006
ORF8	26	0.013
ORF8	27	0.542
ORF8	28	0.009
ORF8	29	0.013
ORF8	30	0.021
ORF8	31	0.006
ORF8	32	0.019
ORF8	33	0.006
ORF8	34	0.009
ORF8	35	0.019
ORF8	36	0.023
ORF8	37	0.015
ORF8	38	0.089
ORF8	39	0.021
ORF8	40	0.011
ORF8	41	0.006
ORF8	42	0.006
ORF8	43	0.006
ORF8	44	0.006
ORF8	45	0.032
ORF8	46	0.011
ORF8	47	0.006
ORF8	48	0.006
ORF8	49	0.009
ORF8	50	0.006
ORF8	51	0.045
ORF8	52	0.557
ORF8	53	0.006
ORF8	54	0.019
ORF8	55	0.024
ORF8	56	0.009
ORF8	57	0.006
ORF8	58	0.006
ORF8	59	0.006
ORF8	60	0.015
ORF8	61	0.049
ORF8	62	0.042
ORF8	63	0.013
ORF8	64	0.035
ORF8	65	0.057
ORF8	66	0.020
ORF8	67	0.118
ORF8	68	0.338
ORF8	69	0.041
ORF8	70	0.009
ORF8	71	0.006
ORF8	72	0.024
ORF8	73	0.542
ORF8	74	0.009
ORF8	75	0.006
ORF8	76	0.006
ORF8	77	0.009
ORF8	78	0.009
ORF8	79	0.006
ORF8	80	0.009
ORF8	81	0.015
ORF8	82	0.006
ORF8	83	0.011
ORF8	84	0.121
ORF8	85	0.011
ORF8	86	0.011
ORF8	87	0.013
ORF8	88	0.015
ORF8	89	0.006
ORF8	90	0.006
ORF8	91	0.009
ORF8	92	0.261
ORF8	93	0.009
ORF8	94	0.006
ORF8	95	0.033
ORF8	96	0.009
ORF8	97	0.013
ORF8	98	0.006
ORF8	99	0.009
ORF8	100	0.020
ORF8	101	0.009
ORF8	102	0.013
ORF8	103	0.011
ORF8	104	0.006
ORF8	105	0.002
ORF8	106	0.026
ORF8	107	0.002
ORF8	108	0.002
ORF8	109	0.002
ORF8	110	0.011
ORF8	112	0.002
ORF8	113	0.002
ORF8	114	0.008
ORF8	115	0.020
ORF8	117	0.004
ORF8	118	0.028
ORF8	119	0.540
ORF8	120	0.040
ORF8	121	0.076
ORF9b	2	0.002
ORF9b	3	0.020
ORF9b	4	0.008
ORF9b	5	0.033
ORF9b	6	0.056
ORF9b	7	0.002
ORF9b	8	0.006
ORF9b	9	0.075
ORF9b	10	0.152
ORF9b	11	0.013
ORF9b	13	0.028
ORF9b	14	0.002
ORF9b	15	0.008
ORF9b	16	0.016
ORF9b	17	0.007
ORF9b	18	0.004
ORF9b	19	0.004
ORF9b	22	0.007
ORF9b	23	0.002
ORF9b	24	0.002
ORF9b	25	0.011
ORF9b	26	0.013
ORF9b	27	0.022
ORF9b	29	0.002
ORF9b	30	0.013
ORF9b	31	0.004
ORF9b	32	0.074
ORF9b	33	0.004
ORF9b	34	0.007
ORF9b	35	0.026
ORF9b	36	0.002
ORF9b	38	0.038
ORF9b	39	0.004
ORF9b	40	0.002
ORF9b	45	0.004
ORF9b	50	0.015
ORF9b	51	0.010
ORF9b	53	0.013
ORF9b	57	0.015
ORF9b	60	0.533
ORF9b	62	0.002
ORF9b	64	0.007
ORF9b	65	0.005
ORF9b	67	0.007
ORF9b	69	0.002
ORF9b	72	0.006
ORF9b	73	0.002
ORF9b	77	0.243
ORF9b	80	0.002
ORF9b	82	0.005
ORF9b	83	0.008
ORF9b	84	0.002
ORF9b	86	0.006
ORF9b	88	0.002
ORF9b	98	0.002
S	3	0.004
S	4	0.002
S	5	0.120
S	6	0.025
S	7	0.002
S	8	0.005
S	9	0.005
S	11	0.002
S	12	0.047
S	13	0.036
S	14	0.018
S	15	0.015
S	16	0.016
S	17	0.006
S	18	0.320
S	19	0.545
S	20	0.248
S	21	0.016
S	22	0.012
S	23	0.007
S	25	0.004
S	26	0.269
S	27	0.048
S	28	0.007
S	29	0.026
S	31	0.002
S	32	0.002
S	33	0.006
S	35	0.002
S	36	0.002
S	37	0.002
S	38	0.002
S	39	0.002
S	40	0.002
S	41	0.002
S	42	0.002
S	43	0.002
S	44	0.002
S	45	0.002
S	46	0.009
S	47	0.002
S	49	0.021
S	50	0.002
S	51	0.002
S	52	0.067
S	53	0.007
S	54	0.020
S	55	0.005
S	56	0.002
S	57	0.005
S	60	0.002
S	61	0.007
S	62	0.011
S	63	0.004
S	64	0.011
S	65	0.004
S	66	0.009
S	67	0.099
S	68	0.009
S	69	0.575
S	70	0.586
S	71	0.009
S	72	0.014
S	73	0.007
S	74	0.009
S	75	0.107
S	76	0.087
S	77	0.031
S	78	0.007
S	79	0.002
S	80	0.234
S	85	0.002
S	86	0.002
S	88	0.007
S	90	0.006
S	94	0.006
S	95	0.328
S	96	0.007
S	97	0.026
S	98	0.042
S	100	0.012
S	102	0.013
S	111	0.004
S	112	0.006
S	117	0.002
S	120	0.006
S	121	0.002
S	126	0.031
S	137	0.002
S	138	0.299
S	139	0.004
S	140	0.012
S	141	0.045
S	142	0.486
S	143	0.046
S	144	0.653
S	145	0.074
S	146	0.015
S	147	0.002
S	148	0.006
S	150	0.009
S	151	0.002
S	152	0.118
S	153	0.018
S	154	0.048
S	155	0.018
S	156	0.545
S	157	0.602
S	158	0.555
S	163	0.002
S	171	0.007
S	174	0.002
S	175	0.002
S	176	0.014
S	177	0.012
S	178	0.023
S	179	0.002
S	180	0.002
S	181	0.024
S	183	0.002
S	185	0.002
S	186	0.002
S	188	0.007
S	189	0.010
S	190	0.240
S	193	0.002
S	197	0.004
S	198	0.002
S	200	0.002
S	210	0.033
S	211	0.002
S	212	0.005
S	213	0.005
S	214	0.015
S	215	0.197
S	216	0.010
S	217	0.006
S	219	0.002
S	221	0.010
S	222	0.217
S	224	0.002
S	226	0.002
S	227	0.006
S	228	0.006
S	232	0.004
S	234	0.002
S	240	0.009
S	241	0.187
S	242	0.190
S	243	0.190
S	244	0.009
S	245	0.034
S	246	0.086
S	247	0.082
S	248	0.084
S	249	0.079
S	250	0.108
S	251	0.097
S	252	0.083
S	253	0.149
S	254	0.012
S	255	0.021
S	256	0.011
S	257	0.011
S	258	0.031
S	261	0.002
S	262	0.021
S	263	0.005
S	264	0.002
S	266	0.002
S	272	0.004
S	273	0.004
S	274	0.002
S	280	0.002
S	281	0.013
S	284	0.002
S	286	0.002
S	288	0.002
S	289	0.013
S	292	0.002
S	293	0.002
S	299	0.010
S	306	0.006
S	307	0.014
S	308	0.010
S	320	0.004
S	321	0.002
S	323	0.009
S	330	0.008
S	338	0.004
S	346	0.104
S	348	0.013
S	349	0.002
S	352	0.002
S	354	0.005
S	356	0.002
S	362	0.002
S	367	0.038
S	373	0.002
S	382	0.010
S	384	0.008
S	385	0.008
S	405	0.004
S	408	0.005
S	413	0.002
S	414	0.018
S	417	0.412
S	439	0.088
S	440	0.037
S	444	0.005
S	446	0.007
S	449	0.013
S	450	0.009
S	452	0.660
S	453	0.002
S	459	0.012
S	460	0.002
S	471	0.002
S	474	0.002
S	475	0.002
S	476	0.002
S	477	0.100
S	478	0.571
S	483	0.004
S	484	0.504
S	485	0.009
S	490	0.100
S	493	0.002
S	494	0.018
S	501	0.669
S	514	0.002
S	516	0.002
S	518	0.002
S	519	0.002
S	520	0.012
S	522	0.026
S	532	0.005
S	533	0.002
S	534	0.002
S	540	0.004
S	547	0.004
S	553	0.002
S	558	0.009
S	560	0.002
S	565	0.004
S	570	0.541
S	572	0.040
S	573	0.004
S	574	0.009
S	575	0.004
S	577	0.002
S	579	0.002
S	583	0.024
S	592	0.002
S	595	0.002
S	598	0.002
S	608	0.002
S	610	0.002
S	613	0.037
S	614	0.175
S	615	0.002
S	618	0.002
S	619	0.002
S	621	0.002
S	622	0.015
S	623	0.002
S	625	0.005
S	626	0.007
S	628	0.002
S	631	0.002
S	632	0.006
S	639	0.002
S	640	0.012
S	641	0.002
S	642	0.004
S	647	0.002
S	653	0.017
S	654	0.013
S	655	0.254
S	658	0.005
S	660	0.005
S	661	0.010
S	670	0.002
S	675	0.044
S	676	0.006
S	677	0.134
S	678	0.009
S	679	0.009
S	680	0.012
S	681	1.072
S	683	0.002
S	684	0.006
S	687	0.002
S	688	0.030
S	689	0.007
S	691	0.002
S	694	0.004
S	697	0.002
S	699	0.010
S	701	0.216
S	704	0.006
S	705	0.002
S	706	0.017
S	707	0.002
S	709	0.002
S	710	0.002
S	714	0.002
S	716	0.541
S	719	0.006
S	723	0.004
S	726	0.002
S	732	0.122
S	735	0.013
S	740	0.007
S	747	0.007
S	751	0.002
S	765	0.002
S	769	0.036
S	771	0.006
S	772	0.008
S	778	0.013
S	779	0.007
S	780	0.009
S	782	0.002
S	787	0.005
S	788	0.002
S	791	0.018
S	792	0.002
S	796	0.090
S	797	0.002
S	804	0.002
S	805	0.002
S	807	0.002
S	809	0.006
S	812	0.013
S	813	0.002
S	821	0.002
S	822	0.002
S	829	0.006
S	831	0.007
S	836	0.005
S	839	0.013
S	842	0.002
S	843	0.004
S	845	0.027
S	846	0.002
S	850	0.004
S	854	0.006
S	859	0.103
S	865	0.002
S	870	0.002
S	871	0.009
S	879	0.012
S	882	0.002
S	883	0.004
S	887	0.002
S	888	0.061
S	899	0.027
S	900	0.002
S	922	0.004
S	929	0.005
S	931	0.002
S	935	0.004
S	936	0.039
S	938	0.010
S	939	0.026
S	940	0.006
S	942	0.005
S	946	0.005
S	950	0.572
S	957	0.016
S	976	0.002
S	979	0.004
S	982	0.536
S	1005	0.004
S	1006	0.004
S	1009	0.002
S	1020	0.011
S	1023	0.002
S	1025	0.002
S	1026	0.004
S	1027	0.269
S	1040	0.002
S	1041	0.002
S	1045	0.002
S	1047	0.002
S	1050	0.002
S	1052	0.002
S	1058	0.002
S	1063	0.004
S	1065	0.009
S	1068	0.009
S	1070	0.005
S	1071	0.046
S	1072	0.002
S	1073	0.015
S	1074	0.023
S	1075	0.002
S	1076	0.005
S	1077	0.002
S	1078	0.026
S	1080	0.002
S	1083	0.005
S	1084	0.002
S	1085	0.011
S	1086	0.002
S	1087	0.004
S	1090	0.002
S	1091	0.009
S	1092	0.002
S	1094	0.002
S	1101	0.032
S	1104	0.049
S	1111	0.008
S	1113	0.005
S	1117	0.015
S	1118	0.549
S	1119	0.002
S	1122	0.004
S	1123	0.002
S	1124	0.008
S	1127	0.002
S	1128	0.005
S	1129	0.002
S	1133	0.005
S	1139	0.002
S	1141	0.002
S	1143	0.009
S	1144	0.007
S	1146	0.002
S	1150	0.004
S	1153	0.007
S	1157	0.002
S	1159	0.008
S	1161	0.002
S	1162	0.027
S	1163	0.004
S	1165	0.002
S	1167	0.037
S	1169	0.004
S	1171	0.002
S	1174	0.004
S	1176	0.273
S	1177	0.016
S	1178	0.002
S	1182	0.002
S	1190	0.002
S	1191	0.058
S	1195	0.002
S	1198	0.002
S	1200	0.002
S	1202	0.013
S	1203	0.002
S	1207	0.002
S	1208	0.011
S	1209	0.002
S	1216	0.002
S	1218	0.002
S	1219	0.034
S	1227	0.002
S	1228	0.018
S	1229	0.022
S	1230	0.002
S	1231	0.002
S	1235	0.004
S	1236	0.004
S	1237	0.039
S	1238	0.002
S	1241	0.004
S	1242	0.007
S	1243	0.007
S	1244	0.002
S	1245	0.002
S	1247	0.004
S	1248	0.002
S	1250	0.007
S	1251	0.014
S	1252	0.016
S	1254	0.002
S	1256	0.002
S	1257	0.005
S	1258	0.049
S	1259	0.024
S	1260	0.011
S	1261	0.002
S	1263	0.016
S	1264	0.111
S	1266	0.002
S	1273	0.002